User,Rating,Review,Date
SYAUQI,5,"Saya orang Indonesia,,tinggal di Jepang,, sudah banyak order di aplikasi ini,walau barang dari China tapi sudah berkolaborasi dengan ekspedisi lokal sehingga barang cepat sampai dan tidak dibebankan pajak.dan bagusnya lagi... Dalam satu orderan yang isinya dari beberapa toko pun ..bisa dijadikan dalam satu paket yang menjadikannya simple ...ini seharusnya perlu ditiru di Indonesia.",2024-08-02 03:55:34
Bimbi Sri,5,Bohongggggggg tidak sesuai dengan iklan yg di tampilkan ğŸ˜” pas mau beli barang yg murah tiba2 banyak iklan yg datang âœŒ yg lebih parahnya lagi barang yg mau di beli malah keras sendiri ğŸ˜¢ tidak bisa di klik sama sekali ğŸ˜ aku benar2 kecewa pada apk ini ğŸ¤§ buat kalian yg belum coba apk ini silakan download. Agar kalian tahu kebenarannya thank you ğŸ™ğŸ™,2024-09-04 17:44:23
Mochammad Saleh yuliadi,5,99.5 di buat lama untuk water belanja ngikuti harga dr temu hrs belanja dengan harga dr temu.untuk celana semua di beri ukuran nomer aja 28.29.30 dst biar gak bingung yg sjpgl1 apa bingung.,2024-10-07 18:08:42
Sumarno Indonesia,5,sesuai dengan yg di inginkan dan sangat bagus semua produk nya terimakasih banyak untuk semua peroduk ...TEMU,2024-09-17 18:05:00
Andi Kusnadi,5,Klo support pengiriman ke negara indonesia bisa mah bagus ini cuman sayang nya ga bisa buat pengirima ke negara indonesia,2024-08-18 10:24:32
Asyifah Shine29,5,"Buat kalian yg tinggal di indonesia, mohon banget jgm bod*h & bikin malu, apk ini ga ada indonesia nya, ya karena ga ada izin dari negara kita, yakali main nyelonong aja (berarti ini apk bagus) dia g menghalalkan segala cara, dan melakukan bisnis secara legal bkn ilegal, paham kalian, minimal cari info dulu & dipelajarin sebelum banyak omong",2024-06-23 07:09:37
Jaja Miharja,5,"Trimakasih temu barang sudah sampai dalam 6 hari, dapat sepatu harga 55K kualitas top dapat gratis ongkir pula plus cashback, padahal disini harga normalnya 380K untuk barang bagus begini. Tapi pengirimannya agak lama nyangkut di bea cukai Soekarno Hatta 3 hari. Semoga Temu buka kantor di Indo dan punya ekspedisi sendiri biar cepat nyampenya.",2024-10-09 18:34:41
Remhyl Rusli,5,kalau boleh setiap barang pengiriman COD lagi bagusğŸ™ğŸ™ğŸ™ğŸ™ğŸ™.terima kasih,2024-09-30 15:55:42
Anunchu 86,5,tingkatkan lagi dari segi kualitas barang yang dipasarkan,2024-10-03 15:53:48
Cap Orang Tua,5,Tolong aplikasi ini bisa masuk resmi ke pasar Indonesia! Kami para konsumer ingin mendapatkan barang terbaik dgn harga terbaik bukan barang ampas impor yg dijual super murah seperti ditoko e-commerce sebelah,2024-07-12 18:32:43
Naura Zallfa,5,"Di temu barang nya bagusÂ² dan murah, tapi sayang nya ga ada destinasi ke Indonesia, pas sy cari tau ternyata menteri Teten udh bicara ke pak presiden ""Teten mengaku sudah meminta Presiden Joko Widodo agar platform digital Temu itu tidak masuk ke Indonesia."" Padahal sy udah mau beli barangÂ² disiniğŸ¥²",2024-06-10 15:46:36
Maulana Rifki Hamizan,5,"Terbaik,kasi harga yg lebih murah lagi,,biar banyak costumer,,thank for you temu app",2024-08-27 22:14:24
Sely Sofyan Sera,5,"cantik2 puas hati, terimakasih temu, semoga ada diskon dan lbh murah lagi barangnya he..",2024-09-14 20:41:58
Black Romeo,5,"sya suka appa temu.. sebab, banyak barang kita pilih mna yg kita nak beli sesuai kebutuhan.. the best laa",2024-07-24 19:59:47
Ruly Ansyah,5,Untuk yg domisili di indonesia jgn download apk ini percuma tidak ada pengiriman ke indonesia ( karena kebijakan pemerintah RI ),2024-10-09 14:42:51
Alpha Reflek,5,Good aplikasi nya. Sangat cocok untuk belanja dan barang-barangnya murah,2024-08-17 19:56:07
Zaenal Rezza,5,ğ’•ğ’†ğ’‘ğ’‚ğ’• ğ’˜ğ’‚ğ’Œğ’•ğ’– ğ’„ğ’†ğ’‘ğ’‚ğ’•.ğ’”ğ’†ğ’ğ’ğ’ˆğ’‚ ğ’”ğ’†ğ’ğ’‚ğ’ğ’– ğ’•ğ’†ğ’“ğ’ƒğ’‚ğ’Šğ’Œ ğ’…ğ’Š ğ’‰ğ’‚ğ’•ğ’Š ğ’‘ğ’‚ğ’“ğ’‚ ğ’‘ğ’†ğ’ğ’‚ğ’ğ’ˆğ’ˆğ’‚ğ’,2024-09-19 16:38:35
takusasai fx,5,"Baca komentar, dan Apk tidak berguna di Indonesia / Asia auto UNinstal.",2024-09-11 11:11:20
Cimoud Imut,5,aplikasi yang patut di syorkan untuk mendapatkan apa yang di kehendaki..ğŸ™ğŸ™ğŸ™,2024-10-01 19:11:07
Arif Boomers,5,"Belum pernah belanja, baru tahu aplikasi belanja Temu produk Oke saya tengok",2024-08-19 18:50:44
Yudhi Febryan,5,"belanja jadi senang, dengan barang berkualiti baikğŸ‘ğŸ‘ğŸ‘",2024-07-18 16:01:46
Rafa&Mikhayla,5,aplikasi bagus.banyak promo menarik tiap hari,2024-07-22 01:32:33
Gigolo Nosantana,5,Banyak cantik barang dan kualitas tinggi,2024-08-31 23:35:35
Budi Man,5,"terimakasih atas semua barang yang saya beli di tamu, sesuai dengan ke inginan",2024-08-25 20:52:04
M Nor Ikhsan,5,Mantap.. perlu diperjelas fitur bahasanya,2024-09-08 07:58:45
Rahmadani Kampungbaru,5,sangat membantu dalam mencari barang keperluan,2024-08-30 06:09:50
Wendistret6 Wendistret6,5,"Nice, seneng banget aplikasinya banyak diskon nyata love you TemuğŸ’â¤ï¸â¤ï¸â¤ï¸",2024-08-28 23:08:11
Waewae Soni,5,"Jika aplikasi ini di izinkan di indonesi, UMKM dan seler indonesia keok!!!!",2024-09-11 21:50:42
Ruslan Cullang,5,"Menawarkan barang yg sesuai iklan, dan penghantaran sangat cepat meski pengiriman dari Luar Negara..",2024-06-16 14:23:39
K4C0N9 SH4R4Y4,5,"Temu ,,,barang murah meriah Minimal belanja nya Di atas 100 Riyal Baru bisa Di bayar",2024-08-20 06:50:02
Ran Anggara,5,"Ni saya bagi 5 bintang,saya nak fakta,benar tak harga di promosi di apk TEMU ni",2024-09-15 08:28:31
Gmlr 110,5,"Pantedan ceo shope ngebet banget ama mukidi sampe anaknya di tebengin jet pribadi, rupa buat ngamanin pasar dia di indo ğŸ¤£",2024-10-04 20:58:37
Nana Rianaana,5,"thank you temu, semua jadi mudah karna ada nya aplikasi ini",2024-08-26 00:47:28
Yan Thye,5,"Barang sdh sampe dgn selamat, barang datang sesuai dgn pesanan. Thank's seller and Tq kurirğŸ‘",2024-06-06 23:25:57
R. Erva S.,5,Belum resmi di Indonesia,2024-10-09 14:59:33
Kpg PPP,5,sangat2 membantu dan bagus2 semuanya,2024-09-02 19:07:55
dede ge,5,"Belinya harus pake euro, dolar.. goodğŸ‘",2024-07-23 16:36:27
Puja Kurniawan,5,bagus untuk pemesanan online,2024-07-25 16:14:52
Andika Irawan,5,Mencoba sama dengan pengalaman Terbaik...sudah aku coba,2024-09-01 02:05:32
Muh Jabil,5,barang'x sangat sesuai dengan gambar dan kualitas juga ok punya..!!,2024-07-21 14:59:17
Daeng Singara,5,Muda2an sesuai dgn harga discont dia bagi untuk kami beli,2024-09-24 18:57:03
Abu Sobih,5,Mau teray iphone yang harga murah,2024-09-30 03:58:08
sahadah sumbawa,5,Tas cantik berapa harga nya?,2024-09-26 05:58:14
fuad rasyidfirdaus,5,Tolong tambahkan alamat Indonesia,2024-10-02 21:00:27
Ddh Asda,5,Aplikasi ya mantap,2024-10-07 18:53:36
THE SUN,5,"Semoga masuk ke indonesia secepatnya, sehingga membanjiri semua lini sektor perdagangan",2024-09-11 10:25:16
Putra Aldy,5,dapat di percaya .. sudah bberapa kali order barangan tidak mengecewakan harga murah dan free delivery,2024-06-21 21:17:17
MUHADIS MUHADIS,5,Aku dah Terai Oder belomsampae lagi kena coba aplikasi ni,2024-09-26 12:15:11
Heriansyah Boxx,5,mau belanja ayo belanja di sini kawan kawan dan dapat kn discount yg termurah,2024-09-15 09:26:53
Gager263 Channel,5,saya sangat senang sekali membeli barang di Temu selain harga murah bebas ongkir. dan tepat waktu. Terima kasih *5,2024-06-08 04:36:57
Anna wong,5,Saya belum pernah mengunjungi Temu shop.tapi saya ingin mencoba.kerana saya sangat tertarik,2024-06-26 06:17:45
Syahril Syah,5,S Belom coba.kalian jngan tertipu dlu Tray dli,2024-09-26 16:09:02
Samboja Lalu,5,Sangat membantu. Nak barang tinggal tekan ğŸ˜ğŸ˜ğŸ‘ğŸ‘ğŸ‘,2024-09-19 19:41:45
Abdul Halim,5,"aplikasi Terbaik,,, Orang Miskin Jadi orang kaya Klw blanja di sini, Harga Di bawah Kualitas Barang Di atas ğŸ˜‰ğŸ‘ğŸ‘",2024-09-25 17:41:10
Ilham Azzam,5,"saya suka belanja di sini, next saya akan ode lagi..ğŸ˜‰ğŸ‘",2024-09-22 19:52:01
Sudarman Vivo,5,"klw ngasi discount yg ikhlas y, jgn dsuru belanja diatasRm100 baru bisa ngambil discount",2024-09-16 16:33:04
Satino Satino,5,TEMU terbaik....pelayanan penghantaran sampai malam ğŸ‘ğŸ‘ğŸ‘ğŸ‘ğŸ‘ğŸ¥°ğŸ¥°ğŸ¥°ğŸ¥°,2024-09-22 09:17:12
SYAFII NUR,5,terima kasih sangat terbantu,2024-09-20 14:06:33
Rioroseselalusayang sayang,5,aplikasi in sangat bagus,2024-08-22 19:02:54
razakleo Grasmania,5,aplikasi yang paling berguna untuk saya.....,2024-08-06 19:29:07
Mohd Azwan,5,Memang terbaik belanja di sini terimakasih boss qu,2024-08-01 17:41:23
Hendra Sucipta,5,Tolong masuk resmi di pasar Indonesia,2024-07-16 00:37:42
Guntarow2 LA RINTINGI,5,Negara Indonesia gak ada saya cari ...ya tolong penjelasan nya,2024-08-19 22:41:40
Rizmha Syamsuddin,5,Sangat suka aplikasi nya,2024-08-18 18:51:45
Maulidi Zedeng,5,Makin maju dan sukses selalu,2024-08-17 01:43:46
Fiki Nanda,5,Untuk negara Indonesia belum ada,2024-08-27 08:54:39
Supi Yati,5,Pengiriman indonesia kok gak ada,2024-09-03 17:37:28
Muhamad Haekal,5,Tolong segera legalisasi di Indonesia,2024-08-06 21:23:01
DJ Licung,5,Please kasih bahsa Indonesia lah,2024-08-09 21:18:49
Satria.satria Saminosuarni,5,Mudah mudahan ini nyata,2024-08-02 22:35:58
Acok Tutorial,5,Di aplikasi ini sya mendapatkan jackpot iphone 15.dengan harga RM9.90 sen,2024-08-28 22:13:43
Futri Sukma,5,"Belanja kt shop**ee je la,kt temu barang diorang klau kita beli sekali dgn ongkir,klau ad voucher pun dia tk bagi free shipping,EVENT TIPU ckap bagi diskaun banyak tpi ujungÂ² ny diorang suruh kita blanja dlm RM 100 keatas dah tu suruh orang fishland",2024-09-19 19:41:23
Korban Oknum,5,Ini app kan blm dapat ijjn dari pemerintah... apa org indonesia bisa belanja?. andaj bisa hati2 ntar kena pajak tinggi waktu masuk indonesia,2024-10-08 18:24:28
KARLIN ERLINDA (Erika),5,harga Dan barang barangnya memuaskan hasilnya,2024-05-25 22:03:52
El Cohen,5,Sayang sekali aplikasi ini belum ada izin beroperasi di Indonesia mungkin bisa membantu pedagang kecil belanja murah di aplikasi ini jika ada izin pemerintah,2024-07-08 14:44:58
Joko Timotius,5,prodak bagus bagus dan kualitas pengahantaran ok.... aply temu terbaik,2024-05-21 12:49:38
Mahral,5,Ok aplikasi ni sangat bagus,2024-09-01 21:13:43
Refrigerant Amo,5,Dear.dev Segera ambil tindakan kami sangat tertarik menggunakan anda.kami akan menunggu segerah kabar baik untuk wilayah indonesia.please,2024-06-28 05:33:49
Mado Yasuda,5,mantaap barang gratisan,2024-09-07 08:32:27
Goeseta Wiwaha,5,Semoga semakin sukses selalu ğŸ‘ğŸ˜ƒğŸ‘,2024-09-23 18:28:22
semangat hidup,5,"Barang-barangnya komplit, harga miring, Ok banget aplikasinya, semoga kedepannya proses pengirimannya lebih cepat.",2023-12-23 11:01:42
Asep Kunandar,5,Aplikasinya bagus,2024-09-15 13:17:03
M Jepri,5,apk tempat belanja online terbaik,2024-07-21 10:02:33
Adnan,5,bagus digunakan,2024-10-05 23:56:45
Lina Punso,5,"Temu the best, saya suka sangat",2024-08-15 07:38:56
Sarap Udin,5,terima kasi Temu jual barang2 semua murah dan meriah,2024-07-15 13:32:38
Karya Adi,5,sukses selalu TEMU,2024-09-15 18:31:46
DSE Audio,5,Worth it belanja tas sepatu murah,2024-07-13 19:12:22
Selo Adi,5,boleh di percaya beli barang disini barang asli top jerr,2024-06-23 15:57:44
Asyraf Hadzim,5,Benar benar menjadi 9.99,2024-09-12 16:43:09
muhammad ismail,5,oke sejauh ini oke,2024-09-21 08:23:09
Rickycio Rikilinacio,5,bagus sekali boleh COD,2024-07-18 19:42:11
Agus Saepulanwar,5,Apakah akan diliris di Indonesia?,2024-08-04 01:40:42
Gufron Remba89,5,Tak bisa bayar di tempat,2024-08-27 19:03:19
HIRMAN MAN,5,bagus sangat bgus,2024-08-01 14:39:05
galihswika mahardika,5,"Aplikasi yang sangat bagus sekali, memuaskan, very good,",2024-06-07 16:43:40
Abang jay Rahma,5,Sangat memuaskan,2024-08-26 18:51:12
Dewi marita,5,Sangat memuaskan,2024-08-27 07:10:21
DEDY GUSLANA,5,Aplikasi bagus. Tapi tidak bisa kirim ke indonesia,2024-06-14 19:52:55
Susanti Inna,5,terbaik. ... barang -barang semua sesuai harapan,2024-07-11 14:34:17
Yusrizal Ijus,5,Aplikasi nya bagus,2024-08-27 08:25:37
Jumaisyah Ju,5,Saya pernah beli barang tapi tak dapet gifğŸ˜„ğŸ˜„,2024-07-23 06:25:53
thono Jk,5,Terima kasih banyak sudah membantu.!!,2024-07-13 22:23:50
Muhammad riza,5,"bagus,sangat menarik",2024-07-13 12:20:11
Dortin Liko,5,Saya sudah beli beberapa kali dan hasilnya memuaskan,2024-05-24 13:52:36
Ali Stenbay,5,Suka aplikasi ini,2024-09-06 20:36:51
Akke Bono,5,yaelahhh region indonesia nya mana ? ko gaada woy ! auto Uninstal !!,2024-10-03 13:55:05
Wati Mega,5,Good app cara mudah berbelanja,2024-05-22 01:27:45
Diva Seran,5,aplikasi market terbaik untuk saat ini,2024-06-07 19:28:16
Winda Fitriana,5,Apakah bisa pengemasan dan pengiriman lebih cepat tidak menunggu 1 - 2 Minggu,2024-10-08 05:47:59
Game one,5,"gila gila ... barangnya murah , free ongkir , harga langsung dari pabrik .. siapÂ² ini persaingan bisnis besarÂ²an",2024-06-13 06:14:28
Rizal Alsalafi,5,"belanja tenang,hargapun senang...",2024-06-07 19:51:35
Saripa Elly,5,sangat bagus dan terimah kasih banyak temuğŸ¥°ğŸ¥°ğŸ¥°ğŸ¥°ğŸ¥°ğŸ¥°ğŸ¥°ğŸ¥°ğŸ¥°ğŸ¥°ğŸ¥°ğŸ¥°ğŸ¥°ğŸ¥°ğŸ¥°ğŸ¥°ğŸ¥°ğŸ¥°ğŸ¥°ğŸ¥°ğŸ¥°ğŸ¥°ğŸ¥°ğŸ¥°ğŸ¥°ğŸ¥°ğŸ¥²,2024-05-23 17:49:43
TRAH NARENDRA,5,pertama kali install dapat harga promoğŸ‘,2024-05-28 17:36:44
Mang Ade,5,aplikasi yang sangat membantu,2024-05-26 12:24:06
Donya Donya,5,Bisa ke saudi kota Ryad kah bila aku pesan sesuatu,2024-04-27 00:46:04
Zahraalfazia Al aldiyan.,5,Tidak ada pengalaman cuma berjam rumah tangga dan mengurus anak,2024-06-17 01:28:38
Ilham Nur,5,"SEMOGA MASUK INDONESIA, AGAR PARA TENGKULAK HILANG.",2024-06-22 01:42:47
Dimas Arya,5,sangat memuaskan.,2024-07-05 21:39:22
Gde Yan,5,tambahkan negara dan bahasa indonesia,2024-08-12 11:48:02
Wiagun Tiasmoro,5,Pengiriman dari china jadi sedikit membutuhkan waktu seminggu,2024-09-22 18:38:16
Rojam Oa,5,Jika anda suka belanja online..rekomedit dah prodak nya bagus bagus,2023-07-15 11:09:36
Yuyun Sriwulan,5,Sangat terbaik,2024-07-31 21:02:15
Mohamad Suwanto,5,Jual beli paling membagongkanğŸ˜€ğŸ˜€ğŸ˜€,2024-09-13 05:10:09
Aceh Lon,5,sangat memuaskan,2024-06-03 08:17:05
Bang teng,5,Mantap sekali,2024-10-06 23:22:45
Cs Mobile,5,masi Blajar,2024-09-29 01:26:57
Ko Heng,5,Harganya murah2...tapi sayang di indonesia belum bisa pakai.,2023-09-07 22:33:23
Ina Yusrina,5,memberi barang free,2024-08-25 19:03:25
Sisy Lee,5,Aplikasi keren udah dapat 9 barang free thankyu TEMU.,2023-09-27 04:10:59
MUC'S â€œMuklisâ€,5,Bagus dan murahÂ²...tp g bisa beli.... toko lokal jauh dsana,2022-10-16 02:25:13
Saud Suteja,5,bagus order 3 hari udah nyampe barang nya juga sangat bagus,2024-01-20 01:41:17
Rohimat TM,5,"Lumayan murah, barang bagus"", pengiriman cepat",2023-10-29 11:37:24
Sandra Junaedi,5,Koreksi nya 1. Tidak bisa bayar di seven7 2.tidak ada di indonesia Kalo ada di indonesia saingan apa shopee nih,2023-10-06 20:40:26
Ris Mama,5,terbaik lah...ğŸ‘ğŸ‘ğŸ‘ğŸ‘,2024-08-06 16:12:55
Ryan Ajak we,5,aplikasi terbaik,2024-07-24 05:33:33
Indra Alifa Setyawan,5,tidak mengecewakan barang2nya realpict,2023-12-27 20:01:52
Indra Prajja,5,"oke,,ğŸ‘ (puas hati).",2024-05-30 17:48:05
Yedelrin Ask,5,semuanya ada,2024-10-04 06:49:56
Putra mustika,5,Terbaik la,2024-09-16 09:56:28
Dimas Arifin,5,apk terpadi lah,2024-08-17 19:56:43
Moris Moriss,5,Bagus sekali,2024-08-30 08:31:39
franky wahyudi,5,Dicoba dulu,2024-08-29 23:13:04
Ihsan Fauzi,5,The aplikasi ok,2024-08-27 16:30:30
REYIN REYIN,5,Aku bermain,2024-08-11 16:38:17
Yusup ariyanto Sunarti,5,Apakah betulan,2024-09-09 00:12:44
Paozan Adelia,5,Ni pertama kali aku coba,2024-09-06 07:34:07
Anwar Efendy,5,Bagus..sekali bnyak diskot..ok boss terimakasih ğŸ‘ğŸ‘ğŸ‘ğŸ‘,2024-10-04 13:05:29
Ahmad Kurdi,5,Nice! sangat membantu,2024-09-27 16:46:09
Raden Tulen,5,lumayan membantu,2024-06-13 21:56:30
westcaldy,5,"tolong kl mw ngasi masukan jangan di rating 1 :(( kasian devlopernya, orng indo gini bgt jir",2023-08-16 21:50:27
Sandi Maulana,5,Barang cantik2 and memuaskan,2024-08-26 07:45:20
Sanyta Anggraeni,5,Tepat waktu dalam pengiriman,2024-09-07 23:23:24
ezzit elmovic,5,Aplikasi dropship yang sedang naik daun.,2024-07-22 12:29:30
Agam Pauji,5,ttp jujur dan menjaga amanah......,2024-07-16 09:58:44
sitepu taufu,5,Sangat Ok ğŸ‘... terbaik..,2024-06-10 23:19:01
king benjiro,5,Murah harga sama barang make sense,2023-09-16 17:38:50
Muhammad Wahyuzdakwan,5,Aplikasi nya sangat bagus aku suka ini app,2023-05-21 09:01:44
Suan Dewi,5,Beneran dpt barang gratis dong Arigatou temuâ¤ï¸,2023-09-21 15:54:49
Rina Noorhayati,5,Bagus2 barang nya bisa COD,2023-11-13 17:34:22
Hewan Kampueng,5,"ğŸ¤£ğŸ¤£ğŸ¤£ğŸ¤£ Indonesia Lagi Viral karna Starlink,eh Temu malah viral",2024-06-14 21:51:04
Yudi Susanto,5,TEMU Memang ok,2024-08-11 11:27:54
Putri aza,5,Bisa cod gk ya mau cba blja d sni,2024-01-04 18:41:11
AMMAR FADHIL Channel,5,Masih ingin mencobanya,2024-09-01 02:31:04
Bayu Wiguna,5,ngk mengecewakan,2024-06-01 08:29:50
ricky Borneo,5,Sangat menguntungkan,2024-04-23 14:34:55
Muhammad DianTara Buaw (Awan36),5,Kontroversi Berbagai Kolusi Bagi Penderita Arsip Pemerintahan Yang Berjiwa Sosial Berbentuk Agama Atau Keyakinan Bukan Budaya Yang Sebenarnya Mengarungi Kehidupan Selarasan Gaya Hidup Pola Pikir Direncanakan Secara Hati&Perasaan Bukan CINTA Pada Pergaulan Serta Perhatian Yang Membuat Pribadimu Buruk Bahkan Keluargamu Yang Buruk Dikarenakan Seperti Mahluk Yang Kuper Tetapi Sudah Mengenal Dunia Bahkan Aturan Rasa Pada Diri Sendiri Senilai Cara Penggunaan Jiwa Non Formal Kesombongan Batasan Pikir.,2023-05-10 03:33:57
Jaya Husna,5,Warga +62 yg komen org miskin dan SDM rendah semua,2024-08-21 01:30:01
Shanks Haki,5,cara pesannya bagaimana?,2024-03-21 18:48:34
Aufa Dzakwan,5,Siapa yg kesini gara gara FIFAğŸ˜,2023-06-15 07:30:30
Anval Noerat,5,Betul ke ni IP 15,2024-09-01 15:54:42
Amy Kadir,5,Memang terbaik,2024-07-13 12:18:09
Kim Tan,5,Bekerja di Abu dhabi,2024-05-06 00:07:03
Agung Sindu,5,Bagus sekali,2023-09-17 06:37:55
M murah Andi,5,Ok,2024-10-09 20:37:08
ãƒªè£•äºŒ,5,"Please come to Indonesia immediately because the goods are very cheap and there are also goods that are hard to find, especially the goods are directly from the factory, they are definitely fresh and also please enter Indonesia toll road",2024-10-06 22:31:18
Nur Janah,5,Shopping in TEMU make me like a miliarder yeaaah...ğŸ˜ğŸ¥³ ğŸ› ğŸ¬ ğŸ›’,2024-10-04 01:40:33
Lucas da Silva,5,Temu is the best ğŸ’¯%,2024-10-04 18:13:52
Amir Amir,5,Good,2024-10-04 05:39:25
nurza87 nurza87,5,suka,2024-09-30 21:20:41
Shulhan Huda,5,oke,2024-10-04 14:40:02
Rehan Hidayat,5,bagus,2024-10-07 04:27:40
Muhammad Yase,5,Yasir,2024-10-08 14:14:37
sultan khan,5,good,2024-10-10 05:13:09
amad gelk,5,terbaik shopping,2024-10-05 03:58:05
Komang Rio,5,Seruu banget,2024-10-05 10:48:18
Rani Begom,5,Good,2024-09-28 00:39:25
Wandi Saputrah,5,Mantap,2024-09-26 17:59:25
Af Ghandi,5,Ok,2024-09-28 05:12:32
Dj Ks,5,best,2024-09-27 20:38:04
Andri Handayani,5,Sangat bagus,2024-09-26 16:00:33
Manu Suwignyo,5,Best,2024-09-25 16:30:10
Mex Mi,5,Ok,2024-09-23 20:55:57
Mukminah Mamat yasak,5,Ok baik,2024-09-23 18:50:05
eka wati,5,all produk is goodğŸ¥°ğŸ¥°,2024-09-15 10:26:33
Ermayanti Lonk,5,thanks temuu all may order veei veri nice ..food luck,2024-09-12 22:29:59
warsih warsih,5,very good online shopping application,2024-09-13 03:46:44
Pensong Ginis,5,Sangat bes lh,2024-09-21 20:33:48
Dewanti Mokodompit,5,Good,2024-09-20 15:24:07
Gatot Koco,5,Ok,2024-09-18 20:46:51
Jio Yayan,5,Kereenn,2024-09-22 00:00:41
Choir Rudon,5,Oke,2024-09-13 06:54:50
Adi Muji123,5,Bagus,2024-09-17 18:40:24
Jalak123 123,5,trbaik,2024-09-21 01:33:41
Faisal Hamdan,5,good,2024-09-16 19:33:26
Agustam,5,Baik,2024-09-11 22:28:00
Tony Shu,5,Mantap,2024-09-14 00:00:24
Dede Rara,5,nice,2024-09-21 02:56:25
cintajhois untkmu,5,Ok,2024-09-15 06:02:33
Setiawan Febri,5,niceğŸ˜Š,2024-09-23 15:27:16
Beby Syg,5,ğŸ–¤ğŸ–¤ğŸ–¤ğŸ«¶,2024-10-06 18:17:13
HASANUDDIN,5,Good aplication,2024-09-20 02:36:39
Muhammad Fatoni,5,temu best,2024-09-12 21:36:25
Angga kompling,5,good seller,2024-09-16 09:47:49
yadi kendy,5,ğŸ‘ğŸ‘ğŸ‘ğŸ‘ğŸ‘ğŸ‘,2024-09-20 15:26:24
Paramita Rose,5,terbaik..dpt free shipping hari2ğŸ‘ğŸ¥ºâ¤ï¸,2024-09-19 17:18:15
Ahmad,5,Ok,2024-09-12 11:54:58
Margaretha Rahayu,5,good,2024-09-11 19:56:41
Kang Rohman,5,very very good ğŸ˜˜,2024-09-09 06:34:34
Hadil Zayan,5,good,2024-10-05 16:48:32
Oejang Cengong,5,Saya tinggal di ksa aplikasi ini cukup membantu dan sudah terbukti bagus bahkan tidak pernah ada barang yang rusak sekalipun...,2024-09-04 21:49:15
Hasan Basri,5,Ok,2024-09-07 22:45:21
ojan fendi,5,terbaik,2024-09-17 21:57:40
Cindy Maya,5,Good,2024-09-09 11:09:12
Melz Mellow,5,best,2024-09-08 16:34:27
Mas San,5,Ok,2024-09-07 11:32:16
Hamdani Dani,5,Baik,2024-09-07 08:24:15
candra syahputra 2002,5,ğŸ‘bagus,2024-09-08 07:47:38
Wahyu Bhae,5,good product,2024-09-11 06:33:54
Ciesy Tan,5,Favorit Online shop in UAE ğŸ‡¦ğŸ‡ª I love temu â¤ï¸â¤ï¸â¤ï¸â¤ï¸â¤ï¸,2024-09-06 20:21:38
Teguh Ari setyawan,5,Bagus,2024-09-08 14:12:00
Kisbin Yeza,5,Good,2024-09-01 22:14:18
Dewi Lestari,5,Terbaik,2024-08-31 23:17:55
Rudy Boy,5,Terbaik,2024-08-28 18:09:54
Zulmendra Mr,5,Ok,2024-08-28 18:35:42
Rodo Siagian,5,Good,2024-09-04 18:54:04
THONIE FIRDAUS,5,Best,2024-08-31 00:44:33
Faisol Chef Ragil,5,Good,2024-08-30 04:45:42
Cahaya Nur,5,Mantap,2024-08-28 13:04:18
Haya Haidar,5,Ù…Ù…ØªØ§Ø²,2024-08-29 09:58:51
Milo'es Ikattepi,5,ok,2024-08-29 11:18:44
Awie tayyib Annur,5,Ok,2024-09-07 04:17:30
Ferry Tampuyak,5,Saangat bagus,2024-09-02 00:53:44
Aldi Fairus,5,ğŸ‘ğŸ‘ğŸ’ªğŸ’ª,2024-09-04 06:52:34
Hendrik Ricardo,5,ğŸŒ¹ğŸŒ¹ğŸŒ¹ğŸ’ŒğŸ’Œ,2024-09-26 03:07:26
topan topan,5,SensualitğŸ‡§ğŸ‡·ğŸ‡§ğŸ‡·ğŸ‡§ğŸ‡·ğŸ‡§ğŸ‡·ğŸ‡§ğŸ‡·,2024-08-31 23:44:59
tio Tio,5,ğŸ‘ğŸ‘ğŸ‘ğŸ‘ğŸ‘ğŸ‘ğŸ‘ğŸ‘ğŸ‘ğŸ‘ğŸ‘ğŸ‘ğŸ‘,2024-08-29 10:34:09
Nanda Gustiana,5,teeeerrrrrrrrrrbaikğŸ‘ğŸ‘ğŸ‘ğŸ‘ğŸ‘ğŸ‘ğŸ‘ğŸ‘ğŸ‘ğŸ™ğŸ™ğŸ™ğŸ™ğŸ™,2024-09-03 17:47:04
Mad Chile,5,Memuaskan,2024-08-28 19:18:44
SANI SEMET,5,Keren,2024-08-27 01:07:49
Suarni Mamulai,5,ğŸ‘ğŸ‘ğŸ‘ğŸ‘ğŸ‘ğŸ‘ğŸ‘ğŸ‘ğŸ‘ğŸ‘ğŸ‘ğŸ‘ğŸ‘ğŸ‘,2024-08-27 16:14:20
Ajung Liu,5,"Apk,hiburan",2024-08-26 10:13:23
bang aldo98 Aldo bang,5,Temu goodğŸ‘ğŸ‘,2024-08-29 07:01:27
Komang Ginada,5,Ok,2024-08-26 04:55:33
Zahra Noerroby,5,Bagus,2024-08-27 13:44:48
Jangkrik Dj,5,ok,2024-09-12 23:09:02
Dede 2290,5,Recommended,2024-08-28 13:30:33
surya fseiei,5,Good,2024-08-30 14:46:23
Gerfasiusgeniko Geniko,5,Bagus,2024-08-27 04:48:29
Yasminah Yasminih,5,OK,2024-08-25 23:01:26
Syoki Syoki,5,Ok,2024-08-28 01:48:04
Irull,5,Ok,2024-08-28 20:36:36
Alex Arapa,5,Ok,2024-08-23 06:00:26
Shfna Nur,5,Ok,2024-08-22 16:05:02
Feri Maulana,5,niceğŸ‘,2024-08-24 10:48:47
Shamadani Rambu,5,Good apk,2024-08-28 18:11:50
Wawan Supriadi,5,Temu the best,2024-08-23 10:05:02
Ramadan Berkah,5,I like temu,2024-08-23 13:56:45
Gondrong Gondrong,5,betul ke appni,2024-08-27 01:02:44
Fery Ojan,5,Good,2024-08-20 05:05:48
Redmi Note10,5,terbaik,2024-08-23 14:49:00
Rash Ranvan (Rei),5,aplikasi mantapp,2024-08-21 23:31:35
Hairul Wadi,5,Sangat baik,2024-08-21 14:25:56
joao bosco,5,Good Aplication for shopping,2024-08-26 10:46:47
Supriyadi Supriyadi,5,tankyou very much,2024-08-16 16:34:52
Syehan Alhanan,5,bulih lh bossku,2024-08-24 23:11:56
Abi Adnan07,5,ok,2024-08-19 23:36:52
rio GILANG_AE,5,good,2024-08-30 06:27:42
mai mariya,5,Good,2024-08-23 20:58:21
Pejuang Fyp Osaka,5,very cheap and fast delivery,2024-08-14 03:12:46
Rizal Sujarman,5,terbaik,2024-08-23 11:55:20
Loki Yo,5,Terbaik,2024-08-14 04:39:09
ABDIEL MADAFIS,5,sangat bangus,2024-08-19 17:13:43
Anggi Septiana Mohan,5,mantapppp,2024-08-13 16:29:04
Heri Anto,5,MEMUASKAN,2024-08-10 22:07:26
Arie Sikumbang,5,Nice,2024-08-10 16:29:45
Agung Lestari,5,sangat bagus ğŸ‘ğŸ‘ğŸ‘ğŸ‘,2024-08-10 01:39:15
Zaafira Wulandari,5,The Qualities of the Products was same like on the picture.....I'm always repeat to order.,2024-08-07 14:51:09
Buntikdiyanitasapto Yanitasapto,5,Good all produk,2024-08-06 12:39:25
nyctÃ³phile.,5,I hope this application has an Indonesian region as soon as possible ğŸ˜”,2024-08-02 10:23:55
M Zamzan,5,Bagus,2024-08-01 11:12:46
Henky,5,recommended,2024-08-01 15:01:47
Endisyaputra putra putra,5,Weldeng,2024-08-05 13:50:50
Hairul fahmi Hairul fahmi,5,good,2024-08-04 00:58:27
Annasya Nur ramadhani,5,Ok,2024-08-01 10:38:45
Fata Zenkzal,5,Oke,2024-07-30 08:39:59
JOE â€œWijayaâ€ Jaya,5,Coba,2024-07-26 21:09:24
Haslita1997 Haslita,5,Bagus,2024-07-28 03:32:05
Redmi Padmini,5,ok terbaik,2024-07-27 14:17:03
Putra Dabutar,5,Godd,2024-07-24 15:32:40
Karno agus Harryadi,5,very good temu i like it,2024-07-25 22:58:13
Marta Bin,5,TEMU. very best,2024-07-24 01:20:13
KLAUDIUS JEMMI,5,best,2024-07-24 22:01:49
Urai Riko,5,best aplikasi,2024-07-30 16:12:49
Tan Sioe Ling,5,Very faster,2024-07-26 18:48:06
Ajies Aja,5,Yes verh nice,2024-07-19 14:42:18
SHIMA SHIMAH USMAN,5,thank you very very thank you,2024-07-27 14:44:48
Nana Nana,5,Bagus,2024-07-20 15:20:20
Jhu Snae,5,terbaik,2024-07-22 05:58:08
Putra Hakim,5,ok,2024-07-22 15:33:27
Hermansa Muhammad,5,Ok,2024-09-22 20:08:18
garuda perkasa,5,Good,2024-07-20 23:23:27
Vivo Vivo,5,mantap ğŸ‘ğŸ‘ğŸ‘ğŸ‘,2024-07-20 14:08:10
Diana Diel,5,Terbaik,2024-07-17 03:22:07
Hardiansyah Ardi,5,Ok,2024-07-15 20:44:37
akhmad rosyidin,5,good,2024-07-17 16:52:38
Sandi Saputraa,5,Terbaik,2024-08-21 06:35:37
Yulius Pranoto,5,Yaa,2024-07-13 13:14:42
Sadat Muzzaki,5,Ok,2024-07-16 21:37:52
Hasan albanjari,5,Ø£ÙˆØµÙŠ Ø¨Ù‡Ø°Ø§ Ø§Ù„ØªØ·Ø¨ÙŠÙ‚ Ø§Ù„Ø±Ø§Ø¦Ø¹ ØŒ Ø´ÙƒØ±Ø§ Ù„ÙƒÙ… ØªÙŠÙ…Ùˆ Ø¹Ù„Ù‰ Ù…Ø§ ØªÙ‚Ø¯Ù…ÙˆÙ†Ù‡,2024-07-18 08:24:15
Mohammad Teguh Yogi Megayanto,5,"Hei, kalian yang ngira bisa belanja, aplikasi ini ga bisa dipake di Indonesia yah. Jadi jangan heran kalo habis instal tapi ga bisa beli apa-apa.",2024-07-07 18:32:19
Channel official,5,Mantap thank you,2024-07-05 15:51:04
Yusril Wahyudi,5,Nice,2024-07-04 14:37:25
Kang Saiful,5,I'm like it's,2024-07-03 20:42:37
Fathol latif Anwar,5,Jos . tanks,2024-07-06 05:43:18
Yanto Crj,5,Mantab,2024-07-02 07:13:39
Godbless Russia,5,"Saya orang indonesia, saya install aplikasi ini. AnjÂ¡Ng lu pada, saya kasi bintang 5",2024-07-01 13:54:32
Alwi Mustofa,5,Ok.m,2024-07-03 05:20:00
Han Shull,5,good,2024-07-06 21:35:35
Putri Nurya,5,baca berita katanya ini aplikasi yg mengancam UMKM. Pas diliat harganya terhitung lebih malah dari shopee & lazada.. dan Tidak mendukung pengiriman ke INDONESIA ğŸ¤£ jadi santaii ajaa,2024-06-22 19:47:47
Edo Cremby,5,"yang pd bingung dan bertanyaÂ² kenapa pilihan indonesia itu tidak ada,bukan dr developer aplikasinya..tapi sama pemerintah indonesia ini aplikasi di banned/diblokir masuk indonesia...karena tdk membayar pajak masuk negara...",2024-06-23 13:19:44
Fawaidul Umam,5,Jangan di instal untuk penggunaan indonesia karena tidak akan berfungsi,2024-06-27 09:05:38
Syamsuri Ikram,5,OK very good,2024-06-25 01:26:28
Arfiz123 Saputra,5,thanks you ğŸ˜˜ ğŸ‘ğŸ‘ğŸ‘ğŸ‘ğŸ‘,2024-06-20 18:18:18
Stevanus Vanno,5,terbaik,2024-07-27 11:03:04
HL GAMING,5,good,2024-06-29 15:25:55
Ivan Hadi Hanik,5,bestğŸ‘,2024-06-24 14:20:19
Imam Sazali,5,Sangat baik,2024-06-26 22:09:03
Agus Tomo,5,Sangat puas,2024-06-25 01:08:45
Bayu Aji,5,very good,2024-06-24 11:07:30
Warga Negara Indonesia plus 62,5,"the craziest online shop in Qatar. great price for the items , payment, and delivery servis",2024-06-15 02:42:39
Ass Lie,5,kerenğŸ˜ğŸ˜,2024-06-15 19:03:16
Tantan Tanjil,5,Ok,2024-06-21 01:45:59
Muhammad hardia nata Hardia nata,5,oke mantap,2024-06-18 11:07:58
Fuad Abdul,5,ë§¤ìš° ì¢‹ì€,2024-06-19 06:17:04
Ahmad Nangwawi,5,Temu shop Oky konseesthn bass,2024-07-07 05:24:34
Mariana Tefa17,5,Bagus,2024-06-14 15:46:22
Ibrahim za Ibrahim za,5,Ok,2024-06-14 05:12:49
Atik Mulyana,5,Bagus ğŸ‘,2024-06-17 10:12:38
Kyle Fauz,5,"love this app, just try it ğŸ˜Œ",2024-06-19 15:43:24
Yana Yana,5,good,2024-06-10 17:07:10
Ai Saadah,5,ØªØ·Ø¨ÙŠÙ‚ Ø­Ù„Ùˆ,2024-06-08 01:12:39
Steven Yoyo,5,First nak try,2024-06-06 00:31:30
Putra Makan,5,Ok,2024-06-08 10:19:16
prakoso widiyanto,5,Good aplikasition....,2024-07-07 09:37:38
Mis Nardi,5,ğŸ‘ğŸ»ğŸ‘ğŸ»ğŸ’•,2024-06-08 12:50:42
Surana Ana,5,Good,2024-06-03 19:03:12
Satria jayadi Jaya,5,ok,2024-06-02 09:38:00
Zaina Salsyahdilla,5,good ğŸ‘,2024-06-08 16:22:01
Domingos Albano,5,wonderful world,2024-06-01 01:10:30
Roni sutrama,5,sagat puass,2024-06-08 18:53:58
Fikry Haikal Chanel,5,Cool,2024-05-26 22:46:13
Ezha Loco,5,nice shop nice value nice price,2024-05-27 20:02:11
Fery Hasibuan Hasibuan,5,Full 5 bintang,2024-05-25 22:29:44
Hi Hihi,5,Terbaik,2024-08-18 16:55:21
Susanti Dewi,5,Good quality,2024-05-22 18:53:38
nurhadi hadi,5,terbaik,2024-05-22 15:03:00
Hamdan Adnan,5,ğŸ‘ğŸ‘,2024-05-22 09:06:00
Sur Yadi,5,Temu shop memang top,2024-06-18 15:57:41
akhbar kun,5,ã‚ã‚ŠãŒã¨ã†ã”ã–ã„ã¾ã™,2024-08-18 21:50:24
Ayu Cantik,5,the materials is good and on time delivery,2024-05-12 23:26:50
Eko Purwanto,5,i think its oke,2024-05-09 19:10:25
Dendi,5,Ok,2024-05-15 03:13:09
Lena Samhaji,5,Luar biasa,2024-05-10 12:42:16
Umi Zahira,5,I like very good thank for TemuğŸ‘ğŸ»,2024-05-09 20:36:02
Wiranta Sembiring123,5,Bgus,2024-05-04 09:35:40
efri Wanda,5,suip,2024-05-09 05:14:43
Bint Syah,5,Good,2024-05-03 16:53:37
"FendChow Lee,96",5,Ok,2024-05-05 05:45:59
Buleal Zahrani,5,Bagus,2024-04-23 01:11:35
jeen luis56,5,VERY GOOD ONLINE SHOPING TEMUğŸ‘ğŸ‘ğŸ‘,2024-04-24 01:14:54
BAD BOY,5,LOVE YOU TEMU ğŸ‘ğŸ‘ğŸ‘ğŸ‘ğŸ‡ªğŸ‡¸ğŸ‡ªğŸ‡¸,2024-04-18 01:04:13
Bunda Shofie,5,Good,2024-04-15 10:20:12
Dian Mardiana,5,I feel satisfied,2024-04-14 13:29:35
Jeem Johnky,5,Nice shopping online,2024-04-17 13:01:24
Yanmarino Ssay,5,better shopping,2024-04-11 20:30:27
Johan Keren,5,good job,2024-04-10 17:18:35
junaidi sterm,5,goood,2024-04-06 20:37:09
Lonelly quwh 2027,5,ğŸ‘ğŸ‘ğŸ‘ğŸ‘ğŸ‘,2024-04-05 20:14:09
Wakhit Prabowo,5,good shopping,2024-03-29 03:12:09
Aika Gepiting,5,Nice good,2024-04-02 05:35:19
Rara Mather,5,the BEST ONLINE SHOPPING ever as I know. I will recommend to my friends.,2024-03-27 17:11:37
Pangeran KTK,5,amazing waooo i like this,2024-04-02 21:03:42
Misriani Punya,5,"Try it first, if it's good, God willing, I'll order it",2024-03-08 22:46:19
rizki hassan,5,"good job , very hopefully and thanks so much",2024-03-03 23:38:12
Nur Aeini,5,this apk is very satisfyingâ¤ï¸â¤ï¸â¤ï¸â¤ï¸,2024-02-06 20:57:50
Reftile Of strong,5,Me you now,2024-02-15 14:34:41
tnj bisnis,5,good aplication,2024-02-11 21:17:36
Suniarti Suni,5,"very good ,,",2024-02-03 11:44:06
Ro Al,5,Add Indonesia please,2024-02-02 11:21:57
SALUS RUAS,5,Bagus,2024-01-28 09:07:09
Mamah devin Devin,5,Top markotop,2024-01-21 18:21:20
Vander Mayde,5,Good,2024-01-16 11:53:10
Aijah Saomdani,5,Good,2024-01-12 02:09:14
intana sari,5,Good,2023-12-29 02:01:58
Ronal Dilan,5,Ok,2023-12-25 13:18:04
James Thung,5,Nice shopping app.. Thank you,2023-12-16 02:45:59
M. Farrel Atharizz,5,Nice,2023-12-16 08:03:52
Atrop,5,Please provide it in Indonesia,2023-12-08 00:28:45
Iksan Bp,5,"The application is good, lots of items on offer, lots of variations, fast delivery, competitive prices",2023-12-06 18:31:12
Bimantara Wings,5,the best,2023-10-23 04:08:41
Fendi Chow,5,Good,2023-10-28 22:12:50
Iqbal Fadhillah,5,Awesome!!!,2023-10-05 17:45:16
Hanwa aura Pertiwi,5,Can you add the country Indonesia? because many Indonesians want to try it,2023-10-01 01:20:33
Francisco Fatima da Costa,5,good ğŸ‘,2023-09-28 17:07:52
AdiSurya Indrayanto,5,Good,2023-09-25 06:08:52
Endri Purnomo,5,Mengenalnya,2023-09-23 21:44:36
azis surya,5,Good,2023-09-11 14:39:53
tahrir kun,5,"NICE,",2023-09-07 19:37:33
Muhammad Rachel Yulianto,5,Capping,2023-09-03 15:46:43
Mohamad Hartono,5,i this ok,2023-08-30 10:44:43
Yuniar Hidayat,5,Ok,2023-08-22 01:38:00
Desma Wati,5,"Please add Indonesia, we Indonesians really like the goods in the meeting, so add the territory of Indonesia and if possible all of Indonesia ğŸ¥ºğŸ’—",2023-08-20 06:23:21
Zul kifli,5,awesome.,2023-08-21 20:11:58
Decti ch,5,sneler verzenden dan verwacht...goed service.,2023-08-08 12:11:45
Deni Fauzi,5,"All products are as shown, and fast delivery",2023-09-03 14:19:55
mukodimah dake,5,Very good,2023-07-28 20:42:33
Alea_ Tifa,5,Temu please add country Indonesian,2023-07-16 13:59:17
Gina Rahmatika,5,APK ğŸ‘,2023-07-01 11:05:40
Mr josua,5,"hallo.. please. for Indonesia too, so that we, the country of Indonesia, can buy goods, from abroad or through your application",2023-06-15 20:59:26
Yuliana Abuk,5,I love Temu.â¤,2023-06-03 17:20:46
Frendy Dwi Pramiyanto,5,Good Aplication,2023-05-27 02:53:46
Hanifah Hanun,5,I give five star because i feel sorry that people give you one starğŸ˜”,2023-05-14 11:54:18
Diamond Light,5,C'est bien,2023-05-18 00:10:08
Kent Tanuwijaya,5,ok,2023-05-21 00:59:19
Therous,5,Please add indonesia aaaahhhhh pls pls pls add indonesia pls pls pls pls plssssss,2023-04-24 18:29:17
Dovca,5,"All good, but can you make delivery to Indonesia?",2023-04-03 19:02:01
RapzzZz,5,Pls add indonesiaa,2023-03-24 20:55:52
Rika Yoanata,5,I have shff in robloxğŸ‘,2023-03-24 11:15:24
Moirah ae,5,"HI TEMU, i really love ur app, there is so much good stuff there put please add Indonesia, i cant buy anything because of itğŸ¥¹",2023-03-18 11:37:37
Verren Aurelia,5,I hope this is in Indonesia :'),2023-03-18 12:58:13
UrFav. Aquarius,5,Can you add in indonesia,2023-03-21 14:13:41
FUN GAMING,5,good apps,2022-12-11 08:19:18
Lucky Me,5,"Contact indonesian goverment, give them some money to give you permission to sell in indonesia. And also pay for tax. Money made everything accepted in indonesia.",2024-08-07 08:42:25
Cingai Te,5,i verry love temu.chep and recomended purchase. thank you so much temu,2024-07-11 12:02:28
Nvt,5,Please come to Indonesia. Want to buy here. Because it's good.,2024-07-29 00:30:35
Marcelo Danny,5,I have ordered several times.. I think this application is trustworthy... awesome,2024-08-18 09:39:30
Aboy Hery,5,ok bagus dan sejuk tapi saya salah ambik zaiz biasa M tapi L saya oderğŸ‘ğŸ‘ğŸ‘ğŸ‘ğŸ‘,2024-08-17 12:50:36
Yuli Bahar,5,"produk good and nice, and size ITS trueğŸ˜ƒ",2024-06-25 08:30:14
niningtyas,5,I hope in the future temu can be used in asia,2023-05-23 14:38:42
Lina. M,5,Temu pls add indonesia 62+,2023-08-13 09:40:25
Robi Yanto,5,"The price is very good, very helpfull app",2024-04-12 04:56:56
Akmal,5,Jutawan memang @temu.,2024-09-25 11:52:34
M Toha,5,"Nice apps, trusted seller with good product,",2024-04-07 21:07:08
Aya Wildan,5,I like temu the price is good and the material also verry good,2024-01-03 11:15:21
Hazel,5,I would love to if temu add indonesia ğŸ˜€,2023-03-18 10:57:39
Sutikno Sihotang,5,Good for shopping application ğŸ‘ğŸ‘ğŸ‘,2024-02-18 04:09:18
Erwin Erwin,5,Nice app..recomnded,2024-04-04 20:37:03
sheptian kuswanda,5,Semoga bisa segera di indon,2024-10-10 09:48:17
Sudiro Tariti,5,senang sekali adanya TEMU,2024-06-13 17:56:53
Rahmad gunawan,5,download ahhh...,2024-10-07 23:23:18
Tugus,5,This app is cool!,2023-03-29 17:58:26
Athila Akbar,5,this is such a great app ong,2023-01-26 20:23:48
Hafidz Harry,5,Aplikasi bagus banget,2024-10-10 10:53:39
Zurria Hakim,5,all products nice,2024-09-06 05:23:59
Berlian Putri,5,Bagus,2023-04-13 09:53:54
Vera Lestari,5,ğŸ˜…eğŸ˜ŠğŸ˜…ğŸ˜…ğŸ˜ŠğŸ˜ŠğŸ˜ŠğŸ˜…ğŸ¥³ğŸ¥³ğŸ¥³ğŸ˜… o k P0,2023-10-16 18:23:24
Rustam To,5,ok,2022-12-07 20:57:02
Ii Sugiri,5,What the hell,2023-04-27 01:08:46
Hendra Pradja,5,Goooodd,2023-08-20 02:27:38
Meng Hadeh,5,Nice apk,2023-09-12 14:02:06
Dwi Purwanto,5,Good,2024-09-06 16:09:20
iwan qoni,5,Coba,2024-07-10 04:33:30
DIMAS MAULANA,5,Good,2024-09-01 22:32:15
Silmen Dima Rohi,5,Good,2024-09-16 10:19:11
Febr I,5,Bagus,2024-06-14 00:18:39
Idris Nasution,5,good,2024-09-12 19:41:10
abut abut007,5,Ok,2024-09-11 20:36:22
Rawanto Rawanto,5,Okey,2024-06-18 13:33:49
Yasir Pirdaus,5,good,2024-08-03 17:27:06
Tok bram Tok bram,5,Ok,2024-10-01 06:48:21
Rhez Tattoo89,5,Kren,2024-05-10 22:34:45
Wagi Man,5,Mantap,2024-09-12 04:18:41
Arya Patih,5,Ok,2024-09-06 17:59:35
ABANG PANDA,5,menarik,2024-08-24 00:51:34
jevi arobi,5,Ok,2024-08-17 23:56:57
Septa Ananda,5,apik,2024-10-05 22:52:30
Deco Rafasha,5,Good,2023-07-05 00:02:08
APOLINARIO DA SILVA,5,Good,2023-12-14 10:07:25
Nur Saskia,5,I LOVE THIS APPPS,2023-10-22 23:17:48
Cermin Matekuning,5,i wan iphone,2024-09-30 21:31:08
Wiyulfadli,5,Sangat bagus,2024-05-05 01:12:46
Nurix Rix,5,ã„ã„ã­,2024-08-13 17:48:19
Irul Hazm,5,Puas hati,2024-09-27 06:41:57
Rusdy Shofi,5,Oke lah,2024-09-15 18:20:45
Yayukwulandari Dari,5,baik sangat,2024-07-03 19:38:45
Mail 93,5,Sangat puas,2024-08-27 17:49:34
Koplak Plak,5,Sangat baik,2024-08-09 08:21:48
iboyarland Arland,5,ğŸ˜‚ğŸ˜‚,2024-08-31 18:39:34
Fandy Galanta,5,â˜ºï¸,2024-10-09 19:26:04
Arie Nugroho,5,Mantap....,2024-01-08 22:29:40
master Yajao,4,"Apk nya menurut saya sih bagus, cuman belum support untuk indo jadi susah untuk beradaptasi dengan apknya, semoga bisa dikembangkan lagi",2024-10-05 21:34:51
dapit dapila,4,"game nya tolong di perbanyak point nya, sudah tinggal 2 bulan lagi,tapi masih banyak point yang harus didapatkan",2024-10-04 19:01:29
Luthfy Asadullah,4,Kak....bantu saya sudah pilih gratis 6 barang tpi kok ngumpulin 1000 coin saya sudah 999 coin yg satu itu disuruh ngapain yah susah banget,2024-08-18 23:28:11
Reza Giardano,4,baru tahu ada Temu yg bisa proses pemulangan balik kerana tidak sengaja/salah paham.Temu the best aku save jadi customer,2024-09-14 01:32:10
ungkas prakoso,4,"banyak barang serupa yang di perjualkan , jadi macam tak exclusive",2024-09-07 00:39:27
Scarlet,4,"susah"" nyari barang eh gabisa dikirim ke indo ğŸ˜”ğŸ˜”",2024-08-24 00:02:16
Zainal Rahman,4,Barang bagus sampai awal dari tarikh yg dijanjikan,2024-09-02 22:29:04
tyo viking milanisti,4,"Malaysia aja udah masuk, aish pemerintah. Aliexpres di larang, temu gak masuk! Nyuruh lokal lokal tapi mahal!!! Pemerintah buka dong woy!!!",2024-07-16 02:11:52
E E,4,"Ketemu app ini dari tren YouTube akhir akhir ini (yang tren Buying of temu be like), ini beneran murah juga harganya, tapi kaga ada mata uang indonesia jadi kaga bisa beli :( kalo sudah bisa pake uang indonesia saya naikin rating ke bintang 5",2024-01-31 21:28:13
Indah,4,Mau lihat kode pembayaran tapi cuma bisa loading terus. Tolong beritahu saya kenapa setiap di akhir tahap pemesanan dan pengecekan kode pembayaran hanya loading terus? Ini sungguh bisa belanja lewat applikasi ini kan??,2023-12-03 05:31:30
Alfan Yudha P,4,proses kurang cepat,2024-09-12 19:41:24
Rawan Putri brilian,4,Temu kapan masuk ke Indonesia â˜¹ï¸,2024-09-14 13:56:30
apih ghiazji,4,Kalo bagus tak tambah lagi,2024-08-29 21:25:55
Leng Long,4,Best ke tak aplikasi ne...,2024-08-05 13:54:26
Muklis Purwanto,4,thank you barang dah sampai,2024-08-21 16:49:51
Pram Sanjaya,4,Baik juga ini aplikasih. Terimakasih semoga kedepannya semakin baik dan jaya,2024-06-03 01:09:52
Daniel Fernando,4,"Mau nyoba order, tapi tidak ada pengiriman ke Indonesia",2024-06-27 19:54:50
Muhamad Syamsul Mustopa,4,Masih bertahap...,2024-09-12 02:23:51
Anime is Everything !,4,Kapan tersedia pengiriman ke indonesia?,2024-09-13 18:08:22
RYE,4,"Bagus sih app nya, tapi yg sampah ya pemerintah kita ini yang otaknya mundur dan sok ngatur ngatur padahal mah dia sendiri aja tolol",2024-07-11 02:16:35
é‡Œå®‰,4,Jika pembayaran bisa melalui transfer akan lebih baik,2024-06-22 13:39:04
salsabillah Defina,4,"Yang dipke itu mata uang apa ya? Produk bgus"" hargnya mayan mehong... Apk nya bagus, sayangnya ga bisa dikirim ke indonesia",2024-01-05 18:15:09
Sahidin _job,4,"Sangat membantu saya, dalam belanja tanpa ribet. Salam dari JermanğŸ‡©ğŸ‡ª",2024-06-29 21:56:31
rhuslan asi Asi,4,Pajak / bea masuk murah mah pasti banyak peminat ny ko,2024-06-14 16:44:28
Mobile S,4,Suka karna banyak diskon dan ada barang free. Mantap,2024-09-20 20:33:51
Dim dim,4,Belum bisa masuk Indonesia.. Haha,2024-07-07 13:17:30
Tony Heri,4,"awalnya ragu karna lama, tapi karna itu barang import jadi wajar,,",2024-01-07 16:35:25
Yasmin alawiyah74 (Yasmin),4,barangnya sih bagus2 cuma sayangnya gak bisa COD,2024-01-22 21:55:42
Usman Usman,4,Kita Coba dulu,2024-09-06 07:48:03
Haiqal Fika,4,Kasih 4 bintang ye... Sy nk tengok macam mana apk baru ni,2024-09-02 23:08:44
Farel Putra,4,saya baru mulai memakai kalau ok nanti saya bagi tambah bintangnya.....,2024-08-22 08:22:47
Ervan Sugianto,4,Nanti kalau saya udah kaya. Saya beli semua oke,2024-09-14 23:01:14
Ashadi Doang,4,pengiriman yang cepat,2023-06-29 01:44:12
Fathin Rimayani,4,Semoga semakin berkembang,2023-07-08 10:12:23
Yongmama Dzakia,4,"Bagus"" barangnya",2023-11-20 18:23:11
Jack Sparrow,4,Indonesia language please... IDR currency please... Indonesia payment method please... Indonesia country & region please...,2024-10-09 12:18:52
Fani Yuli effendi,4,good,2024-09-14 15:12:29
Anisa ahmed,4,nice,2024-08-27 17:13:00
Hi Tunet,4,good,2024-08-28 11:34:04
Nayla Nurohma,4,"good,",2024-08-13 21:27:48
Subang Usman,4,BestğŸ‘Œ,2024-09-21 15:46:40
riko feri,4,Good,2024-08-04 13:29:12
Tabloeed02,4,Ok ok,2024-08-30 03:09:02
Cindy Alviana metha,4,Bagus,2024-07-04 21:13:56
Naziaagustin Alfaiziz aldiyan,4,9 operasi,2024-07-04 04:27:00
Jihan masri,4,Ok bagus,2024-06-25 19:11:51
hajjar . sadik,4,Gopf,2024-06-02 10:18:21
Ummi Safitri,4,bagus,2024-05-25 16:48:16
Idup Kong,4,".. n. ,",2024-05-15 13:24:51
Edi Kurniawan,4,good delevery,2024-03-07 18:47:04
Marlina,4,Very good ğŸ‘,2024-02-18 23:50:52
Rian Nugroho,4,goog app,2024-01-09 20:21:07
Ghulam Abid M. mm1,4,Can you make this app available in Indonesia?. I see the promos and all the affordable prices for good products but sadly it doesn't available here. Please make it happen!,2023-11-27 17:32:14
Aji Kurniawan,4,ï¼“ï¼–qchï¼ˆ,2023-09-22 12:07:12
jumadi gizi,4,quality is good,2023-09-01 06:36:33
Tjandra Ali,4,Good,2023-07-09 18:50:16
Wendy K,4,good,2023-05-31 09:25:56
ãƒãƒ³ã‚µãƒ Raybaru,4,can you add Indonesia? I need itğŸ˜”,2023-03-24 08:46:35
Jully Aquinza,4,can you add in Indonesia I really want,2023-03-19 21:25:01
reei,4,Can u add indonesia???? I really want to buy it but can't because there is no IndonesiağŸ˜­ğŸ˜­ğŸ˜­ğŸ˜”,2023-03-17 17:26:32
Ila,4,Can you add Indonesia? I would love to buy but i can't because there's no IndonesiağŸ˜­,2023-03-15 15:05:02
Amira Pradani,4,PLZZ AD INDONESIA I WANT TO BUY SO MANY THINGS PLSSS,2023-03-17 14:35:41
Kukriblades sama,4,"App is easy to use and offers a wide range of items with affordable prices. Free of shipping costs. The quality of the items live up to their description. There are many promotions too. That said, late delivery occasionaly occurs. I am still waiting for a package that already arrived in Melbourne since 6 January 2024 but for some reasons the delivery attempts were always unsuccessful until I wrote this review (21 January).",2024-01-21 07:05:19
Heke Ludji,4,", aku yg",2024-06-18 14:32:49
Wisyo Andri,4,Good,2023-06-17 12:03:30
Mixchel Austin,4,mixchelAustin,2024-07-04 22:53:34
ryuuki maliq,4,terbaik,2024-08-27 12:34:17
Elis Sundari,4,Cobain,2024-08-21 16:55:09
mas_ _koeTM,3,"Belum bisa di gunakan buat blanja di negri konoha ini ,, pembayaran masih ribet ,, dan belum mendukung mata uang rupiah IDR indonesia . Kelebihan aplikasi ini varian produk lebih kompleks dan pariatip harga bersaing ...",2024-10-08 20:54:53
Alexander Pernado Pardosi,3,Aplikasi penipu kata nya bisa dapat iPhone 15 pro max tau tau yang di kasih cuman case nta dong dengan silikon nya ...dasar aplikasi nga berguna dan tukang bohong biar pengikut aplikasi ini makin banyak ya kayak gitu rupanya iklan pemalsuan nya di buat biar banyak pengunjung dan penguna aplikasi ini,2024-09-08 15:30:35
Harun Nasrulloh,3,Yang katanya murah dan pengen nyobain? Mending ga usah deh soalnya klo mau beli pun ngga bisa negara indo tidak ada,2024-10-06 05:47:37
Kusnandar,3,Sayang sekali bahasa indonesia gk ada,2024-10-07 21:03:08
Elsha auliyani,3,"Kepada admin Temu, kalau bisa aplikasi ini bisa kirim ke Indonesia ya min , pasti bagus ğŸ‘ğŸ¼ğŸ˜Š",2024-07-24 15:17:13
Tsets Gamers22,3,Ada masalah pada harga promosi Ada eror kt harga promosi tersebut,2024-08-12 20:35:13
Anisa Putri,3,Blom ada bahasa indonesia nggak ngerti serius,2024-10-05 23:25:29
Tina Winners,3,"Pertama kali produk bagus, eh kedua kali nya pesan sepatu bagus cuma beda no, yg di pesan 38 yg datang 39, sekedar saran klu gk ada No yg di pesan mending bilang gak ada aja daripada bikin pelanggan nyesel, mau di kembalikan gimana, susah responnya",2024-09-10 03:31:12
Gak Penting,3,Mantap sekali aplikasinya.. Hanya saja.. Saya harap pihak apliakasi rundingkan sama mentri dsn presiden langsng.. Biar bisa masuk di indonesia.. Supaya kami bisa belanja juga barang dari toko ini. Supaya legalitasnya jelas. Terima kasih,2024-07-04 15:24:33
juragan,3,coba dulu kalo takde yg murah tarik balik,2024-09-29 17:11:39
Felicia Bella,3,"Minimal pengiriman harus bisa tersedia sampe seluruh dunia lah. Di sini banyak banget barang berguna, promo juga jauh lebih banyak dari aplikasi-aplikasi online shop lain, tapi pengiriman dipersulit. Jangankan Indonesia, asia dan australia pun gak tersedia. Tolong jangkauan pengirimannya lebih ditingkatkan lagi",2024-03-22 22:53:22
Inak Dedi,3,Percepat orderan tanpa berbats waktu,2024-10-05 20:50:59
As Budi,3,SY PROTES INI GAK ADA BAHASA ğŸ‡®ğŸ‡©INDONESIA ğŸ‡®ğŸ‡© TAPI SY LIHAT GAK ADA NAMA NEGARA ğŸ‡®ğŸ‡©INDONESIAGARUDA,2024-09-12 17:20:50
Mbu neng Enin Gemoy,3,"Saya pesan beberapa barang udah dua Minggu ini kenapa gak di kirim2 juga,, padahal sya sudah exaited banget Karna harga nya sangatlah terjangkau,,sementara saya di tempat lain pesan cuman 1-2 hari langsung sampai,,tolong pelayanan nya di perbaiki lagi",2024-01-10 10:56:29
arie watoe,3,Belum bisa digunakan di Indonesia,2024-08-14 07:53:33
Enzo's Dad,3,"Sudah saya instal, tapi pada saat mendaftar tidak tersedia untuk region Indonesia... Atau memang belum masuk Indonesia ya? dan baru terdaftar aplikasinya saja di Playstore?",2024-07-04 14:07:21
RICKY YULIANDRI,3,"Belum masuk Indonesia, sayang sekali",2024-08-29 17:27:47
Prass Ngawi,3,"Wkwkwkwk ternyata pasar luar negri,",2024-08-04 00:27:06
Sery talino,3,"Aku kasih 3 bntg dulu, blm prnh bli soalnya",2024-07-20 06:05:56
David Sam,3,"Aplikasi yg byk digemborkan influecer indo kalau masuk berbahaya dan mematikan UMKM,gw cuma penasaran aja sama aplikasinya",2024-08-12 15:46:05
attar rizky,3,Saya kecewa..ketika mendapat diskon 90% dan memilih item ketika mau beli selalu bilang stok habis..,2024-08-24 20:43:14
Y U.u,3,Indonesia ga bisa ğŸ¤”,2024-09-14 20:01:04
Saifa Marwah,3,Aku pernah beli bagus Bahan nya barangnya berkualitas ...cuma lma ajj pengirimannya aku kasih 3 dulu ya biantang ya,2024-07-01 02:00:59
Fatih,3,"baru pasang terus liat banderol pake poundsterling, langsung ku hapus lagi.. walaupun semurah apapun harganya disana, kalau kena poundsterling ke rupiah juga sama aja",2024-08-15 18:40:33
Muhammad Abn Abdul,3,"Iya bagus,,,murah2...cuma gk bisa kirim di Jakarta Indonesia ğŸ˜”ğŸ˜”ğŸ˜”",2024-05-13 20:16:30
"Sjdw ,",3,Kabar buruk bagi UMKM krn dgn aplikasi TEMU ini nantinya produsen akan memotong jalur distribusi nya,2024-07-06 21:07:09
Nurlaeaplara,3,Saya kasih tiga dulu,2024-08-14 02:48:07
Ayet Syahputra,3,Saya ksi 3 bintang dlu ya bosğŸ™ soalnya apk ny baru sya coba ğŸ™ğŸ™,2024-08-14 18:01:21
Dody Tumiwa,3,Tolong ditambahkan menu wishlist ğŸ™,2024-02-28 10:23:53
erma kumala,3,Kenapa tidak ada opsi pengiriman ke negara Indonesia ğŸ‡®ğŸ‡©,2024-04-21 18:00:20
Army'Febry,3,"Kasih buat Indonesia juga dong,,biar aku bisa belanja di sini",2023-09-06 11:14:22
Fauzi Zain,3,pengantaran pesanan tak sesuai tarikh yg di janjikan.,2024-09-25 05:43:04
amanda Shifa,3,Apakah aplikasi ini sudah bisa diakses di Indonesia?,2024-09-09 11:27:04
kitty pun,3,Gak ada di Indo jadi aku kasih bintang 3,2023-11-23 17:49:55
Famedia Pro,3,Belum Masuk Indonesia ğŸ˜ğŸ™,2023-11-25 08:41:48
Wahyu Yudi,3,Beri bintang 3 dlu,2024-05-17 15:18:23
M Wahyudi,3,Opsi pembayarannya ribet,2023-10-19 12:02:16
Mis Bah,3,Gak jelas,2024-10-10 11:04:39
Armand Suhara,3,Filling in an address in Indonesia cannot be filled in,2024-09-14 12:24:34
The Joki,3,Tray,2024-08-21 23:01:29
Yoel beth,3,"Admin, please enter Indonesia of Country too, so we can buy online through this application. We have downloaded it and look for Indonesia, it's not there.",2024-07-19 09:59:39
Luthfiana,3,"Greetings application, meet me as a winner of free shipping, how can I claim the prize? In my country, Indonesia is not on the list of regions. As for being directed to Wathsup, it remains",2024-07-20 21:50:44
Flow KSA,3,Its so good quality,2024-07-23 01:05:22
Blok M,3,Agak lambat penghantaran,2024-08-03 11:18:42
Riyatno,3,lumayan,2024-03-09 01:51:09
Endar Rubianto,3,very good,2024-01-06 09:55:57
agus redi,3,"My order still not arrived here and it was late for a week (7 days), it's bad for ur app",2023-12-12 20:27:15
Siti Aisah,3,"A very good application because there are lots of interesting items, but unfortunately there is no address option from Indonesian. I hope that in the future this application will provide addresses for Indonesia. Thank You.",2023-12-02 19:14:12
Sefia Wijaya,3,Please provide shipping to Indonesia,2023-11-25 13:07:59
kade swantara,3,Good,2023-10-20 15:59:17
Benny Bello,3,sangat baik,2023-10-15 15:34:23
Lathifh_,3,Can you add the Indonesia country? I am Indonesian and want to shop here..,2023-10-08 13:25:53
Hulwah Qanita Adilah,3,"I'm Indonesia citizen, to temu developer please ship the stuff to Indonesia cuz i have no money, apologize me because my English bad :((",2023-08-27 09:03:09
21. SelinYovita,3,Please make one for Indonesia :( I'm dying to shop at temuu,2023-05-09 06:13:30
mariska,3,Can u add Indonesian?,2023-03-25 00:45:29
Kei,3,Do u want my left or my right kidney to add indonesia on the alp,2023-03-19 09:40:14
Sabrina Sulistyaningsih,3,PLEASE ADD AN INDONESIA I REALLY NEED IT,2023-03-17 04:50:44
ya ok,3,"plss Temu, I will give u 5 stars and buy on ur App if u I want to release the one in Indonesia now, I will be so much Happy if it release and support in Indonesia.",2023-03-26 21:38:27
Glxxy,3,"Please so that the package can be sent to Indonesia, I really object and am disappointed because the package from Temu cannot be sent to Indonesia. Well, even though the product is good and the price is cheap, I'm sad because Cannot be shipped to Indonesia. Hopefully the admin or devoloper of this application can provide more advanced updates. Message from our people: hopefully we can provide a better update and we feel scammed .",2024-01-25 23:01:32
Rendy Prasetyo,3,"Plss Add Indonesian Country,I Will Up To 5 Stars",2024-07-27 16:23:25
thepower Offlove,3,Ok sy nak cobe,2024-09-29 01:04:33
Adyno Klaser,3,Anak baruğŸ«£ğŸ«£ğŸ«£,2024-06-10 11:05:36
Anser Seran,3,Ok,2024-06-11 18:37:29
Azmar bin sisal,3,Ok,2024-07-26 08:54:06
Tarsudi,3,Ok,2024-04-28 19:15:30
arif suwarto,2,"Pilihan negara, bahasa, dan mata uang belum tersedia untuk Indonesia. Tapi kok ini preview aplikasinya udah bahasa ğŸ—¿",2024-09-15 04:24:41
Gu Won,2,Tidak bisa bayar menggunakan rupiah harus menggunakan euro lalu harganya sangat mahal jika dibandingkan harga rupiah di Indonesia,2024-09-10 09:05:46
amar,2,"Servernya error mulu, jadi belum sempet make",2024-10-05 15:41:39
khairul azira,2,"kualiti barang dengan harga tidak sesuai atau barang palsu,aku beli speaker harga 275 ringgit yang datang speaker suara radio,penipu",2024-09-21 15:42:07
Nurwan Hasan,2,Tolong dong terjemahan bahasa Indonesia nya,2024-08-15 18:53:58
Rangz Jb,2,"Halo developer, saran saya tambahkan bahasa Indonesia ke aplikasi ini, dan juga konversi harga nilai euro tersebut ke harga rupiah untuk wilayah Indonesia. Agar semakin banyak orang memakai aplikasi ini",2024-06-23 15:41:59
Sarah Adeffa Alfarizi,2,"Dah seneng"" Dapet free 250dolar ada waktu pilih 9 menit udah pilih"" Taunya pas mau co gak ada indo wkwkwk mang sedih.. Dah langsung ku buang bintang ke bawah dan uninstall",2024-06-22 10:26:46
Aku Dimalya,2,Aplikasi tipu. Jgn lah cari untung dgn cara menipu secara muslihat memang otak kalian pandai tapi pandai menyesatkan orang kalian pake otak dajjal.,2024-09-23 22:01:22
AJI,2,Harganya bila di bandingkan dengan tiktok shoop sangat jauh.. kat sini sangat mahal,2024-06-25 20:05:17
Masak Dirumah,2,"Baru mencoba ternyata biasa saja sama juga dengan aplikasi shopping online lainnya, gak ada yang spesial.. tetap lazada yang paling the best menurutku.. ok hapus lagiğŸ™‚",2024-06-29 17:19:37
Djatmiko Miko,2,Kenapa di Indonesia belum bisa ya padahal harganya lebih murah,2024-06-11 11:53:42
Rafa Alfahri,2,Maap y setelah d lihat lihat ternyata APK tiktok selama ini yg paling ok.... JD maap y sy delete ğŸ™,2024-05-15 23:55:41
MEME SINGKAT INDONESIA,2,TOLONG APLIKASI INI MASUKIN KE NEGARA INDONESIAğŸ‡®ğŸ‡© SECEPATNYA SAYA RASA APLIKASI INI SANGAT MEMBANTU..SAYA AKAN BERIKAN BINTANG 5 JIKA APLIKASINYA SUDAH MASUK KE NEGARA INDONESIA.,2024-07-15 22:17:43
Rio Jefry,2,Mau Belanja disini tdk bisa pakai mata uang indonesia dan aplikasi tdk ada bahasa indonesia sangat disayangkan aplikasinya.,2024-04-14 07:47:42
Rina Masfufah,2,Jangan harap Indonesia masuk list yağŸ¥²ğŸ˜­ğŸ˜‚,2024-07-04 16:46:55
Rama Saputra,2,"Kalau sampai msuk di indo gausah di tanya lagi, pasar2 indo pasti bakal lumpuhğŸ¥º,",2024-09-23 02:08:02
Surendra 052,2,"Bagaimana cara negara Indonesia membeli, tidak ada pilihan negara Indonesia",2024-06-13 07:12:51
Erwin Jm,2,Region Indonesia tidak tersedia,2024-06-16 13:30:28
pantura tertawa,2,Gak bisa ke indonesia,2024-06-12 23:58:47
Rafmil Az,2,fak cape cape add keranjang gada opsi indo,2024-06-23 21:44:38
Muhammad Rusli,2,Harga bintang lima... Kualitas kaki lima... Di spx harga usd. 7 Di lex harga usd. 7 Di temu usd. 50 Store Branded tidak terlihat sama sekali hanya barang dari mainland china saja ğŸ¤£ğŸ¤£ğŸ¤£ Temu : shop like a bilionaire ğŸ˜‚ğŸ˜‚ğŸ˜‚ Auto uninstall,2024-07-01 14:27:37
MUHAMMAD YANI,2,"Tolong di update, Country & Region, INDONESIA.ğŸ‡®ğŸ‡©ğŸ‡®ğŸ‡©ğŸ‡®ğŸ‡©ğŸ‡®ğŸ‡©ğŸ‡®ğŸ‡©",2023-10-17 09:06:48
Erni Octaviani,2,Kenapa saya tidak bisa melakukan pembayaran cash on delivery??,2024-09-09 06:05:03
Andy Andy,2,"Ahh bohong aja lu,barangan mahal semua,",2024-09-12 13:42:25
D 10 NN,2,Barang2 nya fake tidak sesuai ekspektasi,2024-04-20 17:56:07
Abil Abil,2,Iioopeoh itu tidak,2024-08-05 12:39:01
kaizo x,2,Saya tidak suka aplikasi tersebut,2024-10-10 07:48:39
Ade,2,Cannot send items to Indonesia,2024-09-12 09:40:13
Wilpon Putra Mulia,2,Please update for Indonesia,2024-09-08 09:23:22
RNA HADY HZE (HZE HADY),2,Indonesia donk,2024-06-29 14:08:51
Raditya Tirta,2,"Very disappointing, the delivery didn't arrive for almost 3 weeks",2024-06-24 16:58:13
khobar cjr,2,"Hah Why is there no Indonesia? I want to make a purchase but I can't fill in my personal data because my country isn't there, that's Indonesia!!",2024-06-12 15:32:59
Amanda Anggreani,2,No option sending to indonesia yet. So far i will only give 2 star until u improve ^^,2024-04-27 18:18:38
Julia,2,please add Indonesia,2024-03-11 13:42:01
Ach Khotib,2,Ø±Ø³ÙˆÙ… Ø§Ù„Ø¯ÙØ¹ Ø¹Ù†Ø¯ Ø§Ù„Ø¥Ø³ØªÙ„Ø§Ù… Ù¤Ù¥ Ø±ÙŠØ§Ù„ Ø§Ù„Ø³Ø¹ÙˆØ¯ÙŠØ© Ù…Ø±Ø© ØºØ§Ù„ÙŠ,2024-01-25 22:36:26
Enoru Sama,2,There is no chat feature with the seller,2023-12-29 08:25:55
fino darel,2,"Hey developer, try ship this app to Indonesia",2023-04-01 18:05:19
Khaira Nadhifa,2,CANT YOU PLEASE AD AN INDONESIA I REALLY NED IT FOR MY SCOOL PLEASE IM BEGGING YOU TEMU JUST AD AN INDONESIA PLEASE!!. THIS ALL ITEM IS GOD BUT IS CANT DELIFERY TO INDONESIA? IS NOT FAIR TEMU!!?.. I HOPE YOU ADD INDONESIA PLEASE.,2023-03-18 21:57:54
Gracianna Gunawan,2,Waiting for Indonesia..,2023-03-17 20:43:52
Mau Makan,2,Scam kah?,2022-11-15 12:14:09
Moonbhosa,2,"i wanna shoo here, but no Indonesia :( i hope admin can update and add Indonesia. because temu are so cheap :D",2024-05-09 15:16:49
Rottin Brain,2,You better let the other country like Indonesia people can buy ğŸ‘¹,2023-04-04 16:50:50
Yuliani Ivanova,2,Late delivery,2023-12-20 14:20:42
Ridwan Ridwan,2,Ok,2024-08-18 20:51:52
Mr. PEJUANG MAHAR,1,"Bagi yang belum download, lebih baik jangan download temu. Aplikasi sangat buruk Tidak lengkap & harga tidak transparan/jujur. Banyak free gift tapi memaksa harus beli barang senilai rm120 Kuat teruk. Then, kalau nak beli barang U dapat checkout minimal rm20. So kalau beli barang harga kurang dari rm20 tidak dapat checkout. BenarÂ² teruk",2024-09-23 16:25:58
arian ryanz MEDIA,1,apk temu ini pembohong..jika anda mengharapkan barangan gratis.. sepertinya anda buang waktu aja ..anda hanya akan di jadikan bahan promosi gratis mereka..dan anda tidak akan pernah beneran mendapatkan jackpot barang gratis nol rupiah..di buatnya kamu semangat dgn mendapatkan jackpot..dan pada akhirnya itu semua scam..,2024-09-12 20:48:56
Green Hat,1,"Jangan download ini aplikasi penipuan,tak sesuai iklan. harga segitu bukan dapat handphone tapi dapat casing sja. Unisntall lagi baik",2024-09-22 20:15:45
Sugie Antho,1,"aplikasi yg tidak membuat pengguna merasa nyaman, tidak akurat, efektif dan efisien.",2024-10-08 16:04:57
xnnx xn,1,"Apaan ni apk, gak sesuai emg sih murah cuman tuh barang nya gak sesuai",2024-10-10 00:16:36
gie gie,1,"Lah, promo kencang banyak yg download tapi dihapus karena memang gak mendukung pengiriman ke indonesia trus apa gunanya download ğŸ˜…ğŸ˜…ğŸ˜…ğŸ˜…ğŸ˜…",2024-10-07 10:30:05
Ilham Hambali,1,Banyak iklan dan aplikasi tidak bisa berjalan karena terhalang iklan,2024-10-06 05:14:37
womingpay TV,1,Uninstall dulu krn di Indonesian belum bisa belanja via temu ntar install lagi klo udh bisa,2024-09-26 03:16:08
rofi imam,1,"Sangat buruk, saya mengundang banyak user tetapi tidak dihitung mengundang, menghabiskan waktu saya. Jangan dowload aplikasi ini",2024-09-09 01:50:38
Cupid Love,1,"Ini seharusnya aplikasi tidak muncul di Playstore Indonesia, Indonesia tidak ada pengiriman nya.",2024-07-17 20:38:21
Aliyah Binti trisna,1,"Gak ada pengiriman ke Indonesia. Pantesan berani ngasih barang2 gratis. Pas masukin alamat, ga ada pilihan nya",2024-08-22 19:56:39
Abah Aini,1,Iklan bejibung.. maaf langsung di uninstall,2024-10-09 18:28:13
Ali Kenzo,1,tak sesuai dengan tanggal penghantaran kiriman tanggal 26 September malah belum sampai saat ini,2024-09-27 08:56:20
agus dwi,1,"Tolong pemerintah Indonesia ditolak aplikasi seperti ini masuk kesini, merusak sekali dampaknya bagi UMKM disini. Kalau masuk",2024-10-08 08:33:48
Iwann Hdyt,1,Aplikasi sampah jangan ad yg download,2024-10-09 14:50:38
Riyan Bagas,1,Mengapa tidak tersedia pilihan negara Indonesia dan pembayaran melalui Indonesia rupiah,2024-09-22 18:52:39
bagus wicakson,1,"aplikasi sampah,katanya aplikasi ini yg ngerusak pasar alibaba????pffttt,bahkan lebih buruuk dari aplikasi pemerintah indo,SEO ga jelas,UI bikin orang bingung,terus katanya memudahkan pengguna langsung ke pabriknya??? wkwkwk,nope,belajar dulu pasar terbesar pengguna aplikasi2 dari china di asia tenggara itu siapa ya",2024-06-16 05:08:13
Yanz Yocoo,1,Scam.. tidak tersedia untuk memasukkan nomor Hp Indonesia.,2024-09-24 15:04:04
Muhammad Fatah Al Ghifari,1,"No rekomendet aplikasi gak jelas,sudah mengikuti even malah di curangin gak jelas ğŸ¤¬",2024-10-07 16:50:07
Galih Pambayun,1,Sayang sekali Shipping ke Indonesia belum ada ğŸ˜­,2024-10-06 16:31:25
Ahmad Ramli,1,aplikasi bodoh. cari barang2 yang kita mau pun tidak jumpa.,2024-10-01 05:16:14
arya yudhap,1,"Jangan beli import ya kawan kawan, belilah produk lokal. Jangan hanya tergiur barang murah tapi membuat ekonomi kita turun.",2024-10-03 03:53:36
Srimulyo A. (Smatpril),1,"Sebelum kalian buat sign in/registrasi, cek dulu Indonesia di bagian Setting, Country/Region, ternyata: Tidak Ada. Dah, gitu aj. gag usah repot-repot..",2024-06-11 06:21:34
Timor Chanel,1,"Ini adalah aplikasi pembodohan masyarakat, ternyata hadiah yang mereka bagi tidak sesuai dengan apa yang mereka tampilkan di iklan. Lebih baik saya copot saja aplikasi ini",2024-09-17 22:10:45
Nicho Aditya,1,Tidak bisa check out untuk wilayah Indonesia,2024-10-09 21:24:21
He John,1,"Fake aplikasi,saya dapat 100%discount y g di tunjuk barang sampah semua,iklan dpet smrtfhone fake",2024-09-05 18:47:19
Rangga Agustian,1,Jangan pernah cobaÂ² download ini karena walaupun kalian nanti memenuhi quest dobol atau invite tmn kalian ga vakalan bisa dapetin reward ny karena kalian tinggal di indo,2024-07-16 15:10:24
Marinti Banni,1,Kepada seluruh rakyat Indonesia tolong jangan kirimkan data dan uang kepada aplikasi ini anak saya yg sedang kulia kena tipu aplikasi ini sebesar 10 jt sampai anak saya pinjam uang dana aplikasi pinjol,2024-09-09 11:22:59
Pian Supiana,1,Kalau apk ini masuk Indonesia wih.... Heboh kali pemain lokal pada klojotan udah lah uninstall aja,2024-07-19 19:22:46
Suryo Nugroho,1,Yg komen bagus2in dia oramg2 perusak pasar.maunya murah.ente bikjn aja sndiri. Sok2an blanja2 online pngen hrga yg lgsung tembua dr pabrik wkwkwk harusnya apk ini di blokir ga boleh masuk play store.hanya orang bodoh sdm rendah yg suka merusak pasar.,2024-07-21 07:11:26
Ajib Laundry,1,Aplikasi ini tersedia di luar negeri bukan Indonesia,2024-08-14 23:48:47
Firdaus Salam,1,"Pada hebohin aplikasi ini, ternyata gak bisa dipake orang indonesia, gak ada indonesia dialamat pengiriman.. Auto uninstall..",2024-06-12 22:57:11
dika angler fishing (dika angler fishing),1,Barang yang saya pesan belum juga sampai.tolong saya mau membatalkan pesanan speaker bluetooth karena tidak akan membeli barang disini dan saya tidak akan membelinya lagi di aplikasi ini!!!,2024-06-19 16:48:56
Aminuddin Al Hafiz,1,"Tidak ada negara Indonesia dalam daftar alamat tujuan. Malaysia ada padahal lebih luas Indonesia, developer aneh.",2024-06-05 22:11:13
Raden Hafidz,1,"Ada diplay store Indonesia, Namun Bukan untuk Target Pasar Indonesia, karena tidak melayani pengiriman ke Indonesia ğŸ˜‚",2024-07-06 10:30:59
Syaiful Mustakim,1,"katanya discount 100% tapi setelah masuk aplikasi tidak di discount 100%,very very sadğŸ˜­",2024-05-22 05:56:41
Prasetya Adi,1,lebih mahal dari shoope... lebih mahal dari lazada... udah lah gk usah tergiurğŸ˜‚ğŸ˜‚ğŸ˜‚ klau liat dri barangnya kyk barang KW,2024-06-19 13:09:55
Mister Bodong,1,"Satu kata.. Menyesal.., dan tiada barang gratis..",2024-09-19 09:18:44
S Warman,1,"Seharusnya dihapus aja dari PS Indonesia, bikin rusak harga di Indonesia nih kasian UMKM Indonesia",2024-08-12 05:20:54
Hidayatullah Ibrahim,1,Aplikasi sungguh buruk tidak menjanjikan,2024-10-03 19:31:34
Rahmansyah Danendan,1,"Aplikaso kon*ol, jelek nggak bisa menyesuaikan dimana lokasi pelanggan. kan gob*og, tolo*",2024-09-10 09:39:00
Moko Yosef,1,"Tak ada harga iphone tu murah,salah satu apk scammer",2024-10-05 11:41:26
kevin jeremiah,1,Cintailah ploduk produk indonesia,2024-10-09 18:29:29
Alfian Restu Cahyadi,1,Belum ada region Indonesia,2024-10-09 14:18:51
Sheldin Bfiveti,1,"mending belanja yang sudah ada dan berjalan saja. harga juga sama sama saja! uh, dan juga belum ada eegion Indonesia nya juga.",2024-09-15 09:38:07
Edy Syah putra Putra,1,Apl ini juga kalaw mau tawarkan promo itu jangan memaksa kita harus belanja barang sekian picis baru boleh mendapatkan discaon..itu nanya pemaksaan.seharusnya kita mau beli jadi tidak mau beli.karena apa...brang yang ditawarkan terlalu bnya jumlahnya.kiat mau beli 1 aja.tapi yang di apl.harus ikuti aturan.jika kita mau mendapatkan discaon ya sama aja pemaksaan.itu namanya kalian mau jual produk dengan cara kalian.tapi tidak semua orang suka dengan sistem kalian,2024-09-21 04:02:48
Mohamad Usman Yusuf,1,Jangan download aplikasi ini. Belilah di marketplace lokal untuk UMKM kita,2024-10-08 06:12:11
Iron koprol,1,"tipu, xboleh percaya ini apk bnyak tipu,,,",2024-09-27 00:23:54
Rendi Saputra,1,Mahal gila nak mampus barang2 dekat sini dan dia bagi game macam cilaka Korang Jangan download ni secamer ni,2024-10-04 14:03:18
Ayu Nur Aini,1,Buat kalian jangan beli produk. Aplikasi ini sangat merusak UMKM indo. Beli lah produk sendiri pake aplikasi toko pedia,2024-09-08 14:40:31
Yanto Yanto,1,"Mau daftar pake Nomer Indonesia +62 , Tidak bisa Tidak ada indonesia, karna belum masuk resmi di indonesia. Jadi saya Hapus Aplikasi nya",2024-07-22 20:30:20
Nay Robby Adilla,1,"gajelas apk gaada pengiriman ke indo, warga indo gausa download apk gajelas ini, mubazir kouta kalian aja",2024-08-16 20:01:24
MARAPU ID,1,Untuk negara indonesia belum bisa,2024-09-12 15:11:54
Nuryanti Hadiwijoyo,1,"Aplikasi sampah penipu, apakah logika harga iphone seharga casing. Auto uninstall",2024-09-29 23:00:44
Salsabilah Regina,1,Gak ada pengiriman ke indonesia,2024-08-14 22:04:26
Ali,1,aplikasi nipu ..katanya diskon ..penipuan jangan download,2024-09-15 21:55:15
bambang dwi pamuji,1,"99,9% gak kelar2 biarpun ngeaher kebanyak temanğŸ¤¦ saya merasa dimanfaatkan menjadi sales",2024-08-26 13:00:31
evian samara,1,Sayang untuk destinasi Indonesia tidak ada,2024-09-13 00:11:10
megah holding,1,Aplikasi byak menipu.byak iklan,2024-09-13 16:49:54
Anto Anto,1,Aplikasi tipu tipu .... Aplikasi tak patut.,2024-09-18 02:34:12
firly an,1,Tidak ada untuk wilayah Indonesia..,2024-09-10 20:51:20
Calestia Reyn,1,"siot, kata iphone 15 9.90 15/9. bila aku tunggu sold out lak. Sia sia je.",2024-09-15 18:04:10
Paijo Haryadi,1,Region Indonesia kok nggak ada ya?,2024-09-10 22:30:05
Poter Will,1,Gak bisa kirim ke Indo,2024-09-10 21:20:19
Kha (A'ae),1,belum ada di indonesia,2024-09-23 23:41:04
Sumardi Sumardi,1,Ga BISA BASA INGGRIS ğŸ˜­ğŸ˜­,2024-09-27 05:41:55
akun pelajar,1,gw saranin jangan download aplikasi ini aplikasi ini ya soalnya aplikasi ini di buat dari China untuk menghancurkan perdagangan Indonesia kalau bisa jangan beli barang di tiktok shop juga ya soalnya itu di buat sama orang China juga kalau bisa tiktok di uninstall aja yaa demi keamanan Indonesia ğŸ˜„ğŸ™ bukan menghancurkan hidup orang ini demi Indonesia please ğŸ˜„ğŸ™,2024-06-29 11:31:26
Kimy Kimy,1,penipu tablet dapat 9 ringit dah tekan 300 lebih tak layak buat blanje .,2024-08-26 11:57:56
Nia Fitri,1,"Burrrrrukkk aplikasi bnyk tipu... ada ip murah, tpi syrat ny gx cukup 1 njir",2024-08-23 04:09:06
Milvin Joseph,1,Tidak bagus tidak dapat barang percuma,2024-07-30 17:27:18
R. Abdi Cherbon,1,Tidak support untuk Indonesia,2024-09-07 19:04:57
Jawahir Aziz,1,ga bisa kalo di indonesia,2024-08-04 12:55:01
Peri Saputra,1,Tidak tersedia untuk alamat indonesia,2024-09-07 00:00:14
Putri Adelia,1,"Paket tak nak kirim balik lah, cencel je cam tu, hilang dah voucher dengan barang sekali Shoppee still the best",2024-06-13 09:28:45
ayu ss,1,"APLIKASI YANG SANGAT BERBAHAYA BAGI EKONOMI NEGARA, JANGAN BODOH DENGAN MEMBIARKAN APLIKASI INI MENJAJAH EKONOMI KITA SEMUA. KLIK REPORT/LAPORKAN",2024-07-16 22:30:25
Niken Neha,1,Ini gak ada nomer dari Indonesia,2024-09-09 16:20:39
Totally For sport,1,Pasar indonesia tidak ada,2024-08-04 23:44:35
edho fabima97,1,Nggak ada negara Indonesia disini,2024-08-22 09:43:17
i Made Krisna Sri Jaya,1,Klu bisa fix Inflasi Indonesia,2024-09-14 06:32:20
muhyidin kay,1,Tidak tersedia/ belum support buat kirim ke alamat Indonesia..,2024-06-28 12:13:06
Roni Asik,1,"Saya ragu dengan aplikasi ini, lain yang saya cari, lain yang keluar.. Mungkinkah ada potensi penipuan?",2024-06-23 11:36:14
Rama Hizaki,1,"Tidak ada negara Indonesia, saya kesusahan untuk membayarnya.",2024-06-14 07:32:57
Toyib Rahman,1,Saya 2 order gak dikirim2.. Aneh,2024-09-14 10:54:10
Khoirul Ymt,1,"Kwalitas barang nya kurang bagus . Beli memory card gak bisa di pake. Beli celana panjang , beli sarung tangan kerja bahan nya mengecewakan",2024-06-21 22:32:53
Winda Vino,1,"aplikasi kurang ajar masa disuruh top up smpai 1jt lebih pas di tarik gak bisa, bvngsat",2024-08-06 16:12:58
Fuikian Loong,1,Cakap free gift kuat tipu Jak app ni jangan mau belanja di sini. Diskon pun tipu. Punya. Harga lagi mahal dari shopee lazada barang sama pun ğŸ‘ğŸ‘ğŸ‘ğŸ‘. Voucher pun tipu punya. Memang app tak guna. Kuat tipu,2024-07-15 09:47:50
TEMU PENIPU LANCAW,1,"APLIKASI BDOH NI BUANG2 MASA SAJA MAIN NYA, GAK ADA BAUCER, HARGA BRANG2 MAHAL NAK MAMPOS, PDAHAL ITEM SAMA SAJA MCM YG SHOPE DN TIKTOK TPI HRGA SELANGIT",2024-07-29 00:14:18
Izham Khalik,1,Kayak anjing bergonggong. Slalu iklan iphon 9.90 kepala bapak kau. Aplikasi menyampah,2024-09-20 23:05:09
Repa Malasari,1,app sampah..jangan dowload.scam,2024-08-16 23:13:43
Edi Maskurillah,1,"Barang memang bagus bagus namun menggunakan jasa pengiriman yg kurang tepat, kadang barang tak sampai, suruh ambek sendiri, malas mau order",2024-06-18 15:40:05
Dian T Indrawan,1,"Terlalu sering meminta verifikasi, sering bug, harga juga mahal",2024-09-08 01:22:40
Sang Elang,1,Tidak ada di Indonesia,2024-08-11 13:39:34
Ismayil Ismayil,1,Katanya datang 2 jam tapi malah 3 jam,2024-06-25 04:22:53
Jer,1,Kok ga bisa kirim ke indonesia?,2024-09-06 11:12:35
Reyza Pratama,1,"Aplikasi nyaa gak bagus, gk ada pengirimannya keindonesia , dan translate keindonesia gak ada jugak",2023-11-25 01:55:35
mursiddin 16,1,Udah ngundang 8 org tapi masih tidak bisa nge klem kupon gratis 5 barang cekout . Progam misi game penipuan,2023-09-12 19:11:02
Alnajil Peace,1,Susah mau batal barang sudah batal pun di hantar jugak saya sangat kecewa dengan aplikasi ini,2024-07-01 17:06:52
abang Raffa,1,Payah banget ini aplikasi cina gak bisa apa nego sama pejabat Indonesia biar bisa masuk ke Indonesia... Kan pejabat indo mah paling Gampang bgt klo di ajak nego,2024-08-07 09:01:10
Ham Dani,1,"Mau cari barang yang kita nak x jumpa"" malahan yg keluar barang lain",2024-07-11 09:29:39
KrishnaHandika TV,1,"pesanan saya blm datang sampai sekarang, saya sudah bayar tapi tidak datang sudah hampir 2 Minggu",2024-09-10 05:39:26
Afzal Faqih,1,Ga ada bahasa Indonesia nya susah untuk di mengerti,2024-09-26 11:20:11
Cvcv Xxcc,1,App scam.jangan dowload..penipuan,2024-08-16 23:19:32
Jhon Man,1,Barang memang murah.tapi tidak boleh cod.sama sahaja tipu.kita orang miskin.tidak boleh order barang kalau tidak bayar pakai cat atau bank.susah kalau tidak ada cod. Menyesal saya Donwloat aplikasi temu ini.rugi internet sudah internet saya,2024-09-12 11:05:56
Hana rosyana,1,"Untuk produk jaket dan elektronik kualitasnya jelek tapi untuk produk lain lumayan , cara brilian meniadakan distributor dan pedagang ritel ,ğŸ‘",2024-07-21 00:18:22
faris basir,1,"Apa juga di bilang akan merusak pasar UMKM bahasa dan negara indonesia aja gak ada di aplikasi.,ğŸ˜‚",2024-06-22 13:37:27
Cemilan Mentari,1,"Promo tipu tipu, dapat free headphone tapi kena beli barang di atas RM100 ğŸ¤ª",2024-09-11 18:25:19
YOUNG ART,1,"Aplikasi penipuan, gak guna, sampah di playstore",2024-10-06 08:46:39
Andy Syahputra,1,Ayo download dan belanja di temu biar phk di indonesia semakin ramai dan tertipu uang anda saat belanjağŸ¤£ğŸ¤£ğŸ¤£ğŸ¤£ğŸ¤£,2024-10-09 17:15:57
Erik Eks,1,Iklan nya bikin risih! apk gak guna! jangan di install,2024-06-05 21:23:26
Cimfingerstyle 08,1,"Sangat kecewa apk tipu ini,,yang di pesen apa yang datang apa",2024-09-12 17:26:29
Alif Wardana,1,"Memang menguntungkan konsumen, Tapi menghancurkan pabrikÂ² lokal & umkm lokal . Otomatis akan menaikkan angka pengangguran . Konsumen cerdas, sampe kapan mw jdi konsumen trus ? Emg lu kagak mau muter duit lu dgn jdi wirausaha .",2024-06-14 20:29:13
Ari Prakoso,1,Jangan instal aplikasi Dajjal ini harga mencekik,2024-06-05 12:05:32
Tottemo dayat,1,Indonesia kok tidak ada dalam data negara ya,2024-06-11 10:27:27
Ayu Vidi,1,Stop masuk ke indo yang bisa merusak UMKM lokal indonesia,2024-06-23 10:04:54
Damie ARIF,1,Satu dulu nnti klo ok saya akan tambahkan lagi,2024-05-05 00:22:10
anjing asd,1,"beli aapa sekarang gampang tapi jangan d bodohi karna produk luar, cintai produk dalam negri",2024-08-13 11:09:16
Moonton Id,1,Lague indonesia gak ada,2024-06-22 12:06:43
Aditya tama,1,Jangan pernah coba2 cari gratisan disini. Kalau ngk mau waktu dan tenagamu terbuang sia2 hanya untuk aplikasi scam ponz.... ini,2023-09-22 10:11:34
adhi adhott,1,"Penipu bodoh, jangan percaya",2024-08-31 21:42:43
Tiana Juliana,1,Ngerefferal gak masuk satupun padahal si refferal sudah klik link dan daftar tapi kagak masuk satupun vangke,2023-04-28 09:15:29
Tiara Putri,1,Barang 2 bulan gak sampe,2024-06-17 18:41:39
Clara Xia,1,"PEMBOHONG,, LEBIH BAIK JANGAN DI DOWNLOAD APLIKASI INI. DARI PADA LOE MENYESAL.",2024-09-28 22:57:53
Imus,1,Aplikasi anjink guwe abis rm 50 awal ny seneng eh sekali di bukak isinya kesing doang emng aplikasi babi,2024-09-27 12:13:05
Khuncara Hadinatha,1,Indonesia belum tersedia bagaimana ini?,2024-07-08 19:42:53
Maz iqbal Iki lohhh,1,Banyak penipuan,2024-09-02 07:34:23
Kings Crowns,1,tidak untuk negara Indonesia ya guys. yang di indo jangan download.,2024-08-09 21:35:35
Susi Andriyani,1,Apl bohong semua tipu discount tak sesuai dgn iklan,2024-09-15 06:17:21
Sam Saja,1,"Hoaxxx, tak Ade tu IP 15 harga RM 9.90",2024-09-11 21:18:55
Winda Holifatul,1,Penipu nih aplikasi,2024-09-24 10:53:29
Reina,1,Maksih info nya jadi aku gak jadi download deh hhhh,2024-10-02 12:15:40
BOLOKU VLOG,1,Tidak rekomended ! Poin tidak diberikan sia2 saja. Uninstall,2023-09-17 19:41:01
Abramalexsanderhutapea Abram,1,Apk gk jelas dongok Tah apa aja gk jelas mau pesan barang eh gk bisa kirim ke Indonesia lain x emang GK usah penipu,2024-09-13 14:45:43
Fatika Nadya Pradipta,1,nomor telepon tidak berfungsi dengan baik!!!!!!!!!!!,2023-09-21 22:41:01
youtube channel,1,Indonesia tidak ada.,2024-07-04 14:18:51
AAN pangareho,1,Terlalu ribet,2024-08-05 10:56:14
69 21,1,"Tidak ada barang branded, semua barang china",2024-05-31 01:48:20
Jono Joni,1,Pengisian alamat tidak ada negara Indonesia,2024-09-12 13:09:38
Mohd Herman,1,scam hidup2,2024-09-29 15:47:55
Wal Wald,1,Pukiiii mkk kau penipu,2024-09-09 17:18:50
Desta Aulia,1,"Tolong agar orang orang di daerah Indonesia bisa membeli,setelah bisa,maka saya akan memberikan ulasan bintang 5 :((",2023-03-17 20:31:14
Bagus Kristiyanto,1,Jangan di instal untuk warga indo kita bantu umum kita.,2024-09-10 20:36:47
Ahmad anggito abimanyu,1,"Jangan sampai temu masuk ke indo, bisa merusak ekosistem UMKM.",2024-10-09 10:25:50
Saputra Firmansyah,1,"Aplikasi Ngebikin Monopoli ini bro Endingnya, percaya dh",2024-10-06 10:29:44
helin Ini,1,Penipuan tidak sesuai iklan ğŸ¤¬,2024-09-29 04:24:59
slot judi,1,tolong report aplikasi ini scam,2024-09-19 01:09:02
Hendra Sagitarius1212,1,Ini aplikasi gak jelas ini di blil hp yg dtang kesing aja ajingğŸ˜¡,2024-09-28 15:31:14
Hari yanto,1,Belum dilegalkan di Indonesia,2024-10-09 09:11:27
Axelfarerra Backup,1,Apaan dah gaje bet gblk nomor hp aja gabisa dimasukin adaÂ² aja nih app jangan di download kalau kalian Indonesia,2023-07-03 17:49:36
Yogi Saputra,1,Buat orang indonesia jangan percaya sama aplikasi ini...modus penipuan cok,2024-07-21 21:33:17
chef Mujid A Surya,1,"Loadingnya lama banget, padahal masih di Saudi",2023-12-30 17:19:15
Dep RecalL,1,Aplikasi penipu macam tak betul tipu tipu si4L,2024-09-17 08:44:14
Dyana 7896,1,Tulisan arab smua g ada tulisan English,2023-10-10 22:11:17
Aris Dianto,1,"JANGAN DOWNLOAD ,,, APLIKASII BANGKEK INI MAHH",2024-07-09 15:54:50
Ricky Martin,1,App ini penipu,2024-06-24 10:55:47
Gita Octavia,1,tolong buatkan temu di Indonesia dongg :(,2023-04-12 12:22:19
Adi Hoir,1,"Kasih 1 buntang,Ini aplikasi apa gwe kurang pahsm",2023-11-25 05:19:17
Wawan Setiawan,1,Kenapa tidak berlaku di Indonesia,2024-06-25 15:21:52
irfan irfan,1,aplikasi.susah di pahami..manusia.aliyen.yang paham apl.ini,2024-07-21 19:27:02
ndik,1,Di indonesia belom ada,2024-08-19 20:22:19
Gerent rent,1,Apa yang di cari apa lah yang keluar,2023-12-30 12:05:17
Jesslyn Jesslyn,1,Boleh gk sih tambahin Indonesia?,2023-06-10 12:10:54
Sahar,1,Dah ah males,2024-05-04 16:34:48
Aris Saputra,1,Pembohong aplikasi tolol,2024-09-18 07:36:31
Budi Anggara,1,Gak bermanfaat,2024-10-06 06:51:22
Temy Michio,1,Kasih 1 bintang dulu kalau bagus saya kasih Next star lgi,2024-03-31 05:24:19
Candra Jayadi,1,Tak dapat COD,2024-10-09 22:41:24
Syamsudin volker,1,Mana tau baru coba,2024-05-20 00:25:13
Ali Shidiq,1,Barang tidak sampai.,2023-10-17 05:47:20
Donal Dani,1,"Setuju pak Teten, jgn kasih izin",2024-09-04 23:33:14
Zxuann,1,Tdk usah dijelaskan,2024-10-09 10:38:28
Mbah Moesrejo,1,Saya kecawa beli barang disini,2024-09-09 21:58:20
dio apriman,1,Bikin capek doang,2023-09-27 20:02:00
Pai Xsari,1,"Males banyak kata,Biar bintang yg ngejelasin",2024-10-10 11:25:35
Young Entrepreneur,1,Penghancur UMKM,2024-10-08 00:24:47
Yayang Koswara,1,aplikasi rusak,2024-10-09 09:33:02
Asep Surandar,1,"lost package no refund compensation, app lots of bugs win at cheap price but quality 0 so stupid",2024-10-06 15:44:59
Jufan Said,1,"If it's not available for Indonesia, why should it be on the Indonesian Play Store? It's just a waste of time.",2024-10-05 17:35:23
Istme Deriel 12,1,I think it's much cheaper on Shopee. And the materials sold are the same,2024-10-03 21:00:46
Kucing Oncom V2,1,Merusak umkm,2024-10-04 06:11:28
Agus Karseno,1,Ok,2024-10-02 16:32:35
NADZ LOVE,1,Najis,2024-09-28 21:05:14
Novi Andani,1,So bad quality !!! Don't buy here !,2024-10-06 22:35:55
Ahmad Sulton,1,Aplikasi scam,2024-09-24 00:07:34
Doon 666,1,Apk guoblok,2024-09-24 14:27:10
Irawan Project,1,pembodohan,2024-09-26 22:50:21
Ronal Surjaka,1,this apps scamer terlalu bnyak iklan THIS APPS NO GOOD,2024-09-13 06:03:15
Jhonn Poter,1,Bohong....... GaratisÂ² apaan,2024-09-18 20:08:36
Tgaring_Fs 271,1,å…¨ç„¶ã¾ã æ¥ãªã„ã‚ˆã‰ã‰ã€ã†ã¡ã®æ³¨æ–‡æœŸé™è¶…ãˆã¡ã‚ƒã£ãŸã‚ˆ,2024-09-12 10:14:08
Rindu Senja,1,very bad can't open,2024-09-13 13:38:44
Mus Tofa,1,Tipu,2024-09-11 19:06:49
Robby Sanjaya,1,crazy apps.. min order must 20Rm and the product not good quality. next lucky prize (iphone and others) is so scammer.. you never won Oranges Shop and Blue Shop better than this,2024-09-09 20:16:01
Ulfah Uswatun Khasanah,1,aplikasi sampah!!,2024-09-10 05:57:00
Mohd.al_ghafar Wahyu,1,Penipu,2024-09-05 17:58:09
devis ajo,1,Scammer,2024-09-03 11:15:48
Ginanjar Bangun sabekti,1,2500å††ä»¥ä¸Šã®è²·ä¸Šã’ã§25000å††ã‚¯ãƒ¼ãƒãƒ³ã‚‚ã‚‰ãˆã‚‹ã£ã¦å¤§ããæ›¸ã„ã¦ã‚ã£ãŸã®ã« 2500å††ä»¥ä¸Šè²·ã£ã¦ã‹ã‚‰ã‚¯ãƒ¼ãƒãƒ³ãŒå‡ºã¦æ¥ãªã‹ã£ãŸã€‚ è·ç‰©å±Šã„ã¦ã‹ã‚‰ã¾ãŸãƒ¬ãƒ“ãƒ¥ãƒ¼ã™ã‚‹ã‚!,2024-08-30 21:20:57
King Reza,1,Apk tipu,2024-08-27 12:30:03
ryu ki,1,Jelek,2024-08-27 06:17:36
FahriCT,1,"I downloaded it because I was attracted by an ad on YouTube that said a free shock lock set if you download Temu now. but after I downloaded it from the ad, where is the free key offer?",2024-08-17 18:31:59
leon rey,1,æ—¥æœ¬ã«æ³¨æ–‡ã™ã‚‹ã¨ãã¯æ³¨æ„ã—ã¦ãã ã•ã„ã€‚éå¸¸ã«é«˜ã„é‡‘é¡ã§æ³¨æ–‡ã—ãŸã®ã«ã€3é€±é–“è¿‘ãã‚‚è·ç‰©ãŒå±Šãã¾ã›ã‚“ã§ã—ãŸã€‚ãã®ã‚µãƒ¼ãƒ“ã‚¹ã¯é¡§å®¢ã‚µãƒ¼ãƒ“ã‚¹ã‚’å¤‰ãˆãŸã‚Šã€ä½•åå›ã‚‚åŒã˜è³ªå•ã‚’ç¹°ã‚Šè¿”ã—ãŸã‚Šã—ã¦ã€å®Ÿéš›ã«é¡§å®¢ã‚’é¦¬é¹¿ã«ã—ã¦ã„ã¾ã™ã€‚å›,2024-08-16 10:27:36
Angga Zarghan,1,Apk kuontuollll,2024-08-12 19:22:35
Ryan Difty,1,bad,2024-08-11 13:50:58
ari kurnia,1,I've been installed.but i can't complete my profile bcoz my country indonesia is unavailable. So when you make it available.,2024-08-07 10:15:34
Ibnu Ireng,1,I will update the star if Indonesia available,2024-08-06 18:25:18
Mamank Zazat,1,Not avaiable in indonesia,2024-07-29 15:32:01
Marcos Piring,1,"I'm annoyed with the service from your application, it's not honest!!! I checked out the goods so I could get the $100 promotional event, but in the end I was cheated, my last transaction was canceled so I couldn't receive the $100 promotion plus I had to wait 2-5 days to get my money back.",2024-07-28 21:15:32
Aku Clash of Clans,1,"The online shop is not complete, there are few vouchers for new users, like the Shopee shop, which gives many discount vouchers. At this meeting, I wanted to buy local cooking oil, but there wasn't any",2024-07-23 18:35:57
Wei Holland,1,Don't bought everything here just lost not arrived,2024-07-18 03:12:47
Morby Ageng,1,Indonesia not support,2024-07-17 22:28:25
Deka Putra (bang pron),1,Not in my country,2024-07-20 00:06:38
Pencuri Film,1,"which means free shopping and doing work assignments, namely planting up to 100 plants but it's my turn to do the 99.99% side, why do I go back to 99.90, it's really hard to find water, if you don't want to give away free shopping, don't make contests like this, dog",2024-07-04 06:45:43
mahendra prasetya,1,Gratis?,2024-07-07 13:47:13
Idrus Achmad,1,Cant buy no Indonesia there,2024-06-12 01:38:37
Dodo Markodo,1,Gk ada countryyyy indo woyyyy ğŸ¤£,2024-06-06 13:52:52
HARI,1,giving away items through games is a very bad lie,2024-06-02 07:52:39
raditya radit,1,Shipment to selected country only,2024-05-30 16:53:32
Ù…ÙƒÙŠ Ø­Ù…ÙˆØ¯,1,Ù¤Ø³Ø¡Ø¡ØµØ³Ø¡ØµÙ¢,2024-05-26 23:13:16
Iyan Guess,1,"Tidak ada brand seperti, levi's,guess,ck,timberland,nike,adidas, aplikasi brand cina.",2024-05-18 23:14:05
Kia Baelah,1,Indonesia is not available,2024-05-16 20:16:21
Laros Bwi151,1,Terbaik,2024-05-19 15:43:07
tedi,1,"I'm in the city of Sabah, Malaysia, delivery is taking a very long time, the goods haven't arrived for almost 2 weeks, don't buy on this application",2024-05-12 10:13:01
Bobby aryant,1,fooled there was no shipping to Indonesia,2024-05-10 01:49:03
M. Syaiful Huda,1,"I've already installed, but not support Indonesia region to deliver a good",2024-04-11 13:49:25
SANI santri Channel,1,The minimum order make not enjoy with temu,2024-03-30 22:50:58
Golem Wizard,1,My Country Not Support,2024-01-26 19:43:03
ZEE_TAZ,1,Where's Indonesia,2023-12-24 10:25:31
maria jesica,1,Aplikasi scam,2023-09-23 21:22:45
Anas Adani,1,"This Shopping application is not yet available for the country of Indonesia, please enter the country of Indonesia",2023-09-04 22:01:49
Stelly Revina,1,"It is really such a f*uc* apps.. offering many kinds of free things by playing the game but at the end what it needs is only asking to invite more friends. And not only one, but at least five friends. So this apps indirectly asking us to work for it to find new users.. no matter how many friends you try to find, you will never get the free items. This apps is just trying to fool everyone. Saying it gives and cuts price, cheap price bad quality !!!",2023-07-15 12:58:07
Deon Siagian,1,Indonesia : Bisa kah anda menambahkan Indonesia? Kami pengguna Indonesia kesusahan dalam menggunakan aplikasi ini. English : Can you add Indonesia? We Indonesian users have difficulty using this application.,2023-07-03 15:58:04
Charstx,1,No Indonesia Shipping?,2023-05-03 18:21:30
8A-29-Rafly Aditya Hermawan,1,"Plis make Indonesian can use this app, if there a update that make Indonesian can use this app il give 5 stars",2023-04-17 15:24:10
Faril Ferdiansyah,1,"Please add region Indonesia i live in Indonesia, after add region Indonesia i give five stars",2023-04-19 12:18:57
Lanita putri,1,Indonesia where,2023-04-14 05:36:49
Ninah Rahardja,1,For a while i had 1 stars because there wasn't a indonesia so i cant use this app,2023-04-01 13:20:43
ein,1,PLS SHIP THIS TO INDONESIA,2023-03-24 15:31:49
Namuri (Nam),1,Add Indonesia pls :(,2023-03-18 16:08:14
Jessie Precious,1,can you make for in Indonesia?,2023-03-17 11:05:06
Devin Davin,1,Scam,2022-12-13 06:49:19
Muhammad Syahrul Aziz,1,Scam,2022-10-16 04:19:53
bocah ruwet,1,"the promotion in this application is a scam, you won't actually have the promotion, it's just a way for us to share application info with other people for free, once again this is a scam!!!",2023-09-10 21:37:10
MUHAMMAD SOFYAN,1,I am from big country and big population number 4 in the world. Why my country unavailable in the list? I am from Indonesia. Sorry i has deleted this apps because useless.,2023-11-05 22:22:47
syailendra_ ZB,1,Im from indonesia i want to accept invitation but its using numberphine and there's no indonesia number +62 so i cant accept,2023-06-03 10:10:10
Ms.3Tch 03-2k,1,No Indonesian region. No rupiah currency. Not recommended. Fix uninstall.,2024-06-13 06:56:52
Hamdy Arifan Halim,1,"UI IX Design of the app is complicate, ugly, and difficult to understand",2023-12-05 01:35:40
Hasna Safa,1,Please add indonesia too. we want buy something from this app,2023-03-17 22:08:16
Aysha Edros,1,Ø§Ø³ÙˆØ¡ Ø¨Ø±Ù†Ø§Ù…Ø¬ Ø´ÙØªÙ‡ ØºØ§Ù„ÙŠ Ù…Ø±Ù‡ Ø®Ø§ÙŠØ³ Ù…Ø§ØªØ³ØªØ§Ù‡Ù„ Ø­ØªÙ‰ Ù†Ø¬Ù…Ù‡ ÙˆØ­Ø¯Ù‡,2023-12-12 04:18:10
HUNTER WGC,1,Fake says the item is free until you have to pay,2024-07-13 18:33:09
Dodi Galih,1,country indonesia is not apk cacat,2024-06-22 20:21:25
TheThe Bethex,1,ğ™ğ˜¼ğ™ˆğ™‹ğ˜¼ğ™ƒ,2024-09-10 12:41:48
Musthofa Kamal,1,Not recommended. Nothing for indonesia country.,2024-06-13 07:09:34
Queena Insyira,1,"please,ship this to Indonesia.",2023-03-26 00:52:54
curious Traking,1,Indonesia is unavailable as well as the other Chinese market app,2024-08-01 08:20:09
KINKIN ABDULHAKIM (KINKIN ABDULHAKIM),1,so bad dificult to login,2024-05-02 21:10:03
Paulus Halim,1,CEPAT LAH BUKA DI INDONESIA,2024-10-10 11:20:51
ARZ29 (Arzhiki),1,Add indonesia number plssssss,2023-04-24 19:11:32
TOKO CODajee,1,Activate affiliates in Indonesia too,2024-06-15 09:56:36
Mhd aldianfahri,1,"Liar, scam app",2024-09-16 01:31:16
Madi Adi,1,Only Arabic language? Not understand,2024-02-09 00:15:21
Agus Susanto,1,"Lelet, buruk",2024-01-24 20:56:36
Rey Eugene,1,Temu indo dong,2023-06-09 14:40:59
Khaleed,1,Aplikasi marketing.....,2024-09-15 11:15:00
linda thendean,1,Kena Scam!!,2024-02-11 14:33:13
bebuca,1,é…ã„!!!,2024-08-02 16:46:09
Tsuyu Chan,1,babi,2023-09-24 16:00:29
lu je,1,No good,2024-09-24 10:43:35
Reihan Budiman,1,Apk sampah,2024-08-14 22:15:36
Ayang Ku,1,ã‚¢ãƒ—ãƒªæ‚ªã„,2024-08-08 10:31:34
Reza Zaki Mubarok,1,æ‚ªã„ã‚¢ãƒ—ãƒªã€€,2024-10-01 14:48:14
Hilman Manz,1,Aplikasi sampah,2024-10-09 21:16:52
Ja Reja,1,apk penipu,2024-09-18 03:48:24
Abu Asma,1,Nggk beres,2024-06-29 05:04:42
Ja Ja,1,Why i can't download,2023-03-18 13:49:13
moulighan akbar,1,Can't install,2024-06-23 08:08:18
Andini Dini,1,Delay,2024-01-17 01:07:57
Sitorue,1,The scam,2024-09-22 21:14:14
Auditio Lajari,1,Nguawor,2024-09-12 16:35:50
fadli lawrence,1,Penipuan,2024-09-26 15:11:51
X DANENDRA RazqaXX99 X,1,PembohonkkkğŸ˜¡ğŸ˜¡,2024-09-21 13:20:03
